-1.5751853530558802e+02,-3.1426631291176946e+01,7.2527636056238327e+02,5.3586001581907749e+02,-3.8307034313291332e+01,-4.3653964530303135e+01,5.9591977087742055e+02,4.9106125694406632e+02,-8.6010735246151100e+00,-4.0464517245357747e+01,7.0013462298318143e+02,6.4414229038062365e+02,3.1452530016516874e+01,-3.8092226101228469e+01,8.8050896640961048e+02,7.5205289740628189e+02,-1.7520680135387792e+01,-2.4120844117689737e+00,8.8107639808519673e+02,7.6228848833358779e+02,-2.4229485680035818e+00,-3.3377722262049110e+00,7.7720720896147031e+02,6.6179611611715427e+02,-5.2833696016487988e+00,-1.4411939988408054e+01,6.7743982269909691e+02,6.4159384488225930e+02,1.5381238856065078e+01
-6.8824367065616698e+01,-1.2166375820562589e+01,2.9700683533145713e+02,2.2538066345378945e+02,-1.6702002637258854e+01,-2.7281808997609545e+01,2.3462965686031669e+02,2.1029192504416739e+02,-5.3413362197157870e+00,-1.6313713272528595e+01,2.8203219549813986e+02,2.6619057297683997e+02,1.7778232232790515e+01,-1.3576768178209308e+01,3.7175816799298349e+02,3.1206798876314048e+02,-6.1968991191867726e+00,-3.3762835828929787e+00,3.6489014274984487e+02,3.3427074024658185e+02,1.2073444098067352e+00,-2.1750865586607557e+00,3.0791903845564951e+02,2.7406420248756984e+02,6.5357991039460905e-01,-8.2362975894153188e+00,2.7192153059133659e+02,2.6264275161664057e+02,9.4758013259124336e+00
-3.8978734445286442e+01,-1.9623416277275392e+00,2.8275653351044645e+02,2.1229641917962743e+02,-1.1281345193966377e+01,-1.4716264063725244e+01,2.2945836741705747e+02,1.8038975373758987e+02,-9.5182665577162584e-01,-1.2473480509639245e+01,2.6897434323991524e+02,2.6519975596182604e+02,1.9513960955575907e+01,-1.5758718428617071e+01,3.6616041541535304e+02,2.7051346518949953e+02,-1.0494600604929984e+01,1.8160377025645886e+00,3.0931838596002655e+02,2.4874411958600984e+02,-5.7329634398517237e+00,2.1407836309814336e+00,3.0983951509773965e+02,2.7108172838351140e+02,-1.4725859662783147e+00,1.7099824353839492e+00,2.5672264635964478e+02,1.9776095316531948e+02,1.1098181803820122e+00
-5.0001668406757233e+01,-6.9962158633173761e+00,3.3324523552124288e+02,2.4266467892497579e+02,-1.3630129172645439e+01,-8.3473292677473214e+00,2.8140829958223799e+02,2.0717646048502223e+02,-1.3157789930925204e-01,-1.6236493517420165e+01,3.2344301407712862e+02,3.0462735997529609e+02,1.5072893573644368e+01,-2.0348752190616235e+01,4.1102164459116403e+02,3.2320961007579155e+02,-1.1991072359963521e+01,3.5925097690785059e+00,3.7336578117629733e+02,2.8850956959156991e+02,-7.2313367644862057e+00,2.0524049611068151e+00,3.7341893788891679e+02,3.1126648203722692e+02,-4.9198957752219536e+00,1.6578351827885780e+00,3.1116682991126271e+02,2.5325153554202149e+02,-1.5579253125005940e-01
-1.3485267069071480e+02,-2.5922610613104752e+01,6.0644764171873555e+02,4.5200302213075747e+02,-3.2750983791180602e+01,-4.2821254350128491e+01,4.9202358063851921e+02,4.1688533626649860e+02,-8.4361247634014269e+00,-3.3699993277037834e+01,5.8233874437180805e+02,5.4006061624072299e+02,2.9495777659100138e+01,-3.0487751297090959e+01,7.4347332911831029e+02,6.3183239691523568e+02,-1.3954583326626294e+01,-3.6461392652208766e+00,7.3983629501832706e+02,6.5273253819604224e+02,-5.0038138362087647e-01,-3.3703695913379614e+00,6.4286490519781751e+02,5.5526438205740624e+02,-2.5391507055020424e+00,-1.3695066627554917e+01,5.6285372993715953e+02,5.3699907698669597e+02,1.5041998757413618e+01
-1.6733885268254966e+02,-3.7445556147862867e+01,9.9353937173143038e+02,7.0056167561583027e+02,-4.2658465415984800e+01,6.4484917319414625e-01,8.7177575914931060e+02,6.0505916654649582e+02,1.8016269675414445e+00,-5.3825957885006666e+01,9.8420843039939734e+02,8.8110462390981047e+02,1.9784426192272704e+01,-6.5578415931731797e+01,1.1591169489092276e+03,9.8291712358793006e+02,-3.3600319749624106e+01,1.4147820430869485e+01,1.1486257447761391e+03,8.6052322377390703e+02,-2.1567903448237935e+01,3.7614420533161126e+00,1.1353845342038917e+03,9.0033218269601639e+02,-2.4107392130690492e+01,1.7995368212787086e+00,9.5488230810993616e+02,8.2881615437510720e+02,-3.3241416897868108e+00
-6.4294848199569856e+01,-1.3488712220428306e+01,3.0132170317914631e+02,2.2044582081878519e+02,-1.5616829224915293e+01,-1.4818218317880653e+01,2.5098848879030481e+02,2.0092509750724088e+02,-2.9660336923045358e+00,-1.6961167952582080e+01,2.9261735888150605e+02,2.6650586709587367e+02,1.1190301898598445e+01,-1.6531921401230932e+01,3.6141797939225171e+02,3.1138291272778304e+02,-7.5638309429690302e+00,-1.9768397512961836e-01,3.6519418695660721e+02,3.0965691621297731e+02,-1.7078107179500084e+00,-1.1586795421027192e+00,3.2647391468677091e+02,2.7362783837721378e+02,-3.2114059791303600e+00,-5.2829227407386528e+00,2.8354031080575709e+02,2.6751140336489243e+02,5.3417337064601007e+00
-3.9735071979776514e+01,-4.8689376567306484e+00,3.0752608739506309e+02,2.2158290202691958e+02,-1.1377782926946209e+01,-2.5319501044671502e+00,2.6388523889895833e+02,1.8446864316760588e+02,1.2478252359291333e+00,-1.4489734572385268e+01,3.0008577939355615e+02,2.8255920362103308e+02,1.2811017801272614e+01,-1.9968107940557413e+01,3.7798603624006523e+02,2.9192255441658278e+02,-1.2249468740281127e+01,5.0382414257529344e+00,3.3604578716276637e+02,2.4596937279891367e+02,-8.6844506006251549e+00,2.9504930545522874e+00,3.5110381187426901e+02,2.8817269480548259e+02,-5.8482005189172357e+00,4.0883430112985808e+00,2.8852624650895865e+02,2.2387293457238269e+02,-2.6658321456972773e+00
-5.0707284720334442e+01,-7.7877735125010705e+00,3.4392691106738317e+02,2.4817414969935572e+02,-1.3807321253587897e+01,-5.2550040103427973e+00,2.9394431364874021e+02,2.1079726645470254e+02,4.5496120748758617e-01,-1.6950366841968261e+01,3.3563687053742149e+02,3.1308809447344368e+02,1.3550847134313733e+01,-2.1710976103833978e+01,4.1942732754447354e+02,3.3276147818420293e+02,-1.2621315514303594e+01,4.4953123918076265e+00,3.8487784784936395e+02,2.9116002123536981e+02,-8.1204771760158465e+00,2.3088961434810500e+00,3.8895714679200455e+02,3.1973534464258717e+02,-6.1225834980767679e+00,2.3407623998351577e+00,3.2336794043543983e+02,2.6298644201621573e+02,-1.1715945801174676e+00
-3.5441788110932350e+01,-1.2908075824310370e+00,2.9189021473103656e+02,2.1627941837880843e+02,-1.0694664133931761e+01,-9.8080877612633390e+00,2.4169157163124160e+02,1.7999458177395212e+02,2.7135388623292134e-01,-1.2657600183175623e+01,2.7978376227083970e+02,2.7398171208580743e+02,1.8259360361522823e+01,-1.7470240920819787e+01,3.7437307567599618e+02,2.7455021534233384e+02,-1.1765700584319330e+01,3.4779899021609286e+00,3.1336646194950873e+02,2.3944686154209242e+02,-7.6392203923299746e+00,3.0252731031979070e+00,3.2624239590944023e+02,2.7959329138174883e+02,-2.9938880940572030e+00,3.8360990268324642e+00,2.6721212714800544e+02,1.9850750136262235e+02,-1.1195972227804420e+00
-3.6010860670105032e+01,-1.7029257722601254e+00,2.9028620151278733e+02,2.1480655330534211e+02,-1.0752298882084734e+01,-9.6028135619752089e+00,2.4071634132816141e+02,1.7920066193695322e+02,2.2287872491303173e-01,-1.2723372181370241e+01,2.7852144043956508e+02,2.7186560793773884e+02,1.7750684588713369e+01,-1.7390686753998388e+01,3.7113681791697911e+02,2.7382082240948012e+02,-1.1583265923783108e+01,3.4126511242573190e+00,3.1287235094665783e+02,2.3945289752670834e+02,-7.4669464352657284e+00,2.8951703377157125e+00,3.2444851607624673e+02,2.7746884198655067e+02,-3.0725643520665762e+00,3.5891409489591979e+00,2.6617255146745771e+02,1.9946099271059748e+02,-1.0043787979013348e+00
-3.9225921841638836e+01,-8.3662970406888313e+00,1.7945228496933316e+02,1.3138090649742321e+02,-9.4640184006634058e+00,-9.2409939343169665e+00,1.4924030673687210e+02,1.2037434240496641e+02,-1.9149749127176809e+00,-1.0207007446480361e+01,1.7423989818603417e+02,1.5831377374736684e+02,6.5868472117764050e+00,-9.7417700083751733e+00,2.1484530032381315e+02,1.8638009161029038e+02,-4.3421747937051407e+00,-2.9897339112333354e-01,2.1882711584903410e+02,1.8689204187493840e+02,-7.7185801418068400e-01,-8.3873417982988607e-01,1.9382396943373553e+02,1.6261310195458120e+02,-1.8324000621558159e+00,-3.4847242158822755e+00,1.6892337942694041e+02,1.6113623283501937e+02,3.4648299304487673e+00
-4.9943508251245653e+01,-7.6943489674485761e+00,3.4980622732543554e+02,2.5138199678742859e+02,-1.3717286336468785e+01,-3.4366700687650362e+00,3.0069480073055053e+02,2.1222391871846318e+02,9.0084098087856590e-01,-1.7173489345932602e+01,3.4214285122365681e+02,3.1846901281931849e+02,1.3086973286350176e+01,-2.2506990643601615e+01,4.2523281477804301e+02,3.3685384397829671e+02,-1.3156342123440272e+01,5.1333910399272549e+00,3.8945815018152723e+02,2.9013356007376979e+02,-8.8555318761057418e+00,2.6268344345165344e+00,3.9785872790516868e+02,3.2506944530998220e+02,-6.7537455800482800e+00,3.0928705738123803e+00,3.2970275164156402e+02,2.6565243374593746e+02,-1.9812047561442279e+00
-3.5893129937186643e+01,-1.4349478485544649e+00,2.9675486494545038e+02,2.1944678394149400e+02,-1.0828560789542651e+01,-9.3344798209515378e+00,2.4639370258776333e+02,1.8243444048974814e+02,3.8507409065373976e-01,-1.2910073877627228e+01,2.8480032550870641e+02,2.7827960510599792e+02,1.8171300967632394e+01,-1.7895424737757743e+01,3.7967124902213448e+02,2.7900385607793567e+02,-1.2003480944787819e+01,3.6821746631064141e+00,3.1855041125156788e+02,2.4224851885152802e+02,-7.8850584436988527e+00,3.1071816718705874e+00,3.3235005394258866e+02,2.8394711117163729e+02,-3.2437632567318317e+00,4.0097185158114304e+00,2.7210034551123181e+02,2.0219791821604318e+02,-1.3240012527234553e+00
-5.5057599956403827e+01,-1.0236186687466606e+01,3.7802923078703088e+02,2.6800373943927758e+02,-1.4835428353112787e+01,9.2720129606031443e-01,3.3037410000623720e+02,2.2613210718895158e+02,1.5769020625490060e+00,-1.9192112652644166e+01,3.7282770107303185e+02,3.4076864580094224e+02,1.0454209867577697e+01,-2.5258719064686762e+01,4.5016807847553520e+02,3.6527249375886271e+02,-1.4185159026859340e+01,6.3994771796713525e+00,4.2385819901004243e+02,3.0910710192603818e+02,-1.0015998240516756e+01,2.7494956296231496e+00,4.3442072352635569e+02,3.4771051334322937e+02,-8.8809612938983165e+00,3.4777346884598610e+00,3.6032929784048787e+02,2.9501611376987950e+02,-3.0906079477976087e+00
-4.4186287009835297e+01,-8.4738811472215687e+00,2.0393834319028468e+02,1.5146490310788383e+02,-1.0790677565267806e+01,-1.3313376846280839e+01,1.6638560304776672e+02,1.3885563749884665e+02,-2.5660324695776766e+00,-1.1257992307634419e+01,1.9621243918296074e+02,1.8179028218650916e+02,9.6152901344048125e+00,-1.0499011129552988e+01,2.4952103418282209e+02,2.1132869393767885e+02,-4.9119822652097662e+00,-8.8275763108531713e-01,2.4729333288156846e+02,2.1561334262808253e+02,-5.5431794687926972e-01,-9.3932314265707018e-01,2.1751472758719055e+02,1.8680246149115052e+02,-1.1397482058929866e+00,-4.1259701405886702e+00,1.8964248880530181e+02,1.7896878566040937e+02,4.5637601601611024e+00
-4.8754110289050260e+01,-7.0786102770308261e+00,3.4490243890387120e+02,2.4862802271490600e+02,-1.3478208378031150e+01,-4.2845437041995220e+00,2.9536562442423707e+02,2.0975416486602981e+02,7.9733172029807597e-01,-1.6766463622346446e+01,3.3668470119699020e+02,3.1485200194205362e+02,1.3726324067227047e+01,-2.2016205127112343e+01,4.2141682184223941e+02,3.3160823143078494e+02,-1.3023055007330900e+01,4.9253868150220024e+00,3.8298913146710316e+02,2.8635911987593317e+02,-8.7009314875788508e+00,2.6497249155317171e+00,3.9147617514206974e+02,3.2138576488649551e+02,-6.3368562225965732e+00,3.1118621540974400e+00,3.2418928256769391e+02,2.5971122934680596e+02,-1.8239044711209689e+00
-4.5727988952871044e+01,-5.9233807776948133e+00,3.3791198067706136e+02,2.4408537035682645e+02,-1.2882067681531726e+01,-4.2452659117013711e+00,2.8883341203293804e+02,2.0470099511531566e+02,9.6047328711860358e-01,-1.6101065571806487e+01,3.2934314844380407e+02,3.0989595177433773e+02,1.4287322798501670e+01,-2.1599550295077172e+01,4.1540137947945567e+02,3.2281868866334224e+02,-1.3084182834531337e+01,5.0227609225399839e+00,3.7204990740716767e+02,2.7652025492871655e+02,-8.9230150597393010e+00,2.9045739672482509e+00,3.8390401032203971e+02,3.1621932359738855e+02,-6.0711175887138999e+00,3.6881655832225437e+00,3.1674954548131637e+02,2.4939767820654333e+02,-2.1668441030552557e+00
-3.4901380700088716e+01,-1.4332064237740159e+00,2.9624668522839971e+02,2.1816150115080990e+02,-1.0608906892636536e+01,-7.7959562273050764e+00,2.4743831792392785e+02,1.8053781974119215e+02,7.0004781093732316e-01,-1.2893167228480468e+01,2.8501463493761889e+02,2.7757164738243955e+02,1.7438618213708875e+01,-1.8196624919292827e+01,3.7748786288673284e+02,2.7762863049700076e+02,-1.2178265870373380e+01,4.0860084301338135e+00,3.1698541633451964e+02,2.3778969851330515e+02,-8.2735744208907551e+00,3.2677748572054526e+00,3.3350356188538098e+02,2.8311604459769717e+02,-3.6804564476195312e+00,4.4538188708848576e+00,2.7242969178785955e+02,2.0130065996487704e+02,-1.8804686804704998e+00
-3.5462357761771472e+01,-1.4877587198281779e+00,2.9753270067850281e+02,2.1938937896212070e+02,-1.0737834368277737e+01,-8.3375481603033119e+00,2.4804737631313765e+02,1.8189072674088635e+02,5.8874577439957443e-01,-1.2963024074590372e+01,2.8604157438483281e+02,2.7878569048727849e+02,1.7709049190713340e+01,-1.8163033252150143e+01,3.7951890444134614e+02,2.7923375930560826e+02,-1.2150089658318290e+01,3.9568871884142762e+00,3.1885548342443639e+02,2.4037033856714490e+02,-8.1556914835598597e+00,3.2115686829479215e+00,3.3435685530735401e+02,2.8439588773212938e+02,-3.5548768967624245e+00,4.2913906511448614e+00,2.7338762024284688e+02,2.0260150914259617e+02,-1.6832244892108856e+00
-5.1132045897080459e+01,-7.6300665127151461e+00,3.3787403331608544e+02,2.4514241256493966e+02,-1.3851349828400478e+01,-7.3838065942656934e+00,2.8662179985220581e+02,2.0938214435121327e+02,-9.8693240745093835e-03,-1.6638158540689762e+01,3.2869608799347606e+02,3.0794305711097451e+02,1.4351735990522686e+01,-2.0845510381042164e+01,4.1433056962161226e+02,3.2817379520903341e+02,-1.2120616711775101e+01,3.8218999585400120e+00,3.7952946428890527e+02,2.9185508669112306e+02,-7.3990057662457653e+00,2.0322819062026136e+00,3.7960660291972090e+02,3.1463718944580415e+02,-5.3672258775683668e+00,1.6542959742914110e+00,3.1650022744809161e+02,2.5906376379451979e+02,-3.4351605564738918e-01
-4.7715089899809641e+01,-7.0154697022232995e+00,3.4646714845364141e+02,2.4876027858246661e+02,-1.3278089690253786e+01,-2.5627279800834541e+00,2.9833535341088896e+02,2.0881312263040172e+02,1.1798855891968414e+00,-1.6817575386303208e+01,3.3896792007935250e+02,3.1615038487894850e+02,1.3063857938251759e+01,-2.2499392829607952e+01,4.2181048523524942e+02,3.3188718138596306e+02,-1.3336985794702221e+01,5.4367304881952681e+00,3.8325599624416304e+02,2.8263818727628700e+02,-9.2392009974816602e+00,2.8812854760435802e+00,3.9526178523087430e+02,3.2257635550876438e+02,-6.8596556990443691e+00,3.7037798171557887e+00,3.2648940818824843e+02,2.5977815112591202e+02,-2.5089091014597020e+00
-7.5669978465464965e+01,-1.4737144787690543e+01,4.3768713243032937e+02,3.1484519471076089e+02,-1.9418345671832352e+01,-8.7770236104174497e+00,3.7445125505574993e+02,2.7450031136210612e+02,-7.5670083601503935e-01,-2.3116820431824021e+01,4.2853891291814205e+02,3.9199248941860242e+02,1.4308311190286632e+01,-2.6983814310231331e+01,5.2405151997582641e+02,4.3471267682305290e+02,-1.4213876398403448e+01,4.1559345793854918e+00,5.0651050204414304e+02,3.9593937128266191e+02,-7.8216023550194640e+00,1.2137312389865391e+00,4.9064420982968187e+02,4.0099641302132414e+02,-7.7739922212395172e+00,-7.5782171484229099e-01,4.1446015875545174e+02,3.5961290095924619e+02,1.1716870928951939e+00
-1.4898609534406768e+02,-2.7885365910966470e+01,6.7402737955445014e+02,5.0377419893398582e+02,-3.6314895606466905e+01,-4.9223551696790224e+01,5.4482471279762979e+02,4.6425912782246360e+02,-9.5412436647177383e+00,-3.7152223703407465e+01,6.4602679593640005e+02,6.0178709920014217e+02,3.4281321707247862e+01,-3.3566309014397213e+01,8.3023040844492084e+02,7.0128478755161689e+02,-1.5603271730100504e+01,-4.2996235206554170e+00,8.2043788698170886e+02,7.2599552151541491e+02,-5.0144534219149195e-01,-3.6367330162710467e+00,7.1303849025172133e+02,6.1873201309542469e+02,-2.2355734897949575e+00,-1.5106572365522950e+01,6.2395185103355061e+02,5.9279642865519247e+02,1.6953199241469104e+01
-4.6760447797312104e+01,-6.1500769060346894e+00,3.3902050028570858e+02,2.4523806302896597e+02,-1.3090962387273496e+01,-5.0092234117640979e+00,2.8916107183290779e+02,2.0632763673494264e+02,7.6931982587373082e-01,-1.6218100512938644e+01,3.3017945728059721e+02,3.1073555490727756e+02,1.4512082229776276e+01,-2.1498739561893956e+01,4.1701090589532345e+02,3.2475002480346410e+02,-1.2962916233631978e+01,4.7940993072277811e+00,3.7443108348272784e+02,2.8027344930352780e+02,-8.6699061338874674e+00,2.7679887401931178e+00,3.8422942208491475e+02,3.1715226128571248e+02,-5.8985152015792250e+00,3.3440141644852339e+00,3.1757010581077282e+02,2.5152704248878558e+02,-1.8171676948114888e+00
-3.2041857375356692e+01,-1.2456929505883259e+00,2.5399894174216467e+02,1.8907445879450714e+02,-9.5516446354113871e+00,-1.0088406841860300e+01,2.0888121081645002e+02,1.5834898892641547e+02,-1.0896214916697006e-01,-1.1048785791572000e+01,2.4280811199225411e+02,2.3847867447099722e+02,1.6505395052126833e+01,-1.4858904456790810e+01,3.2703716636437269e+02,2.4008088330708412e+02,-9.9987151591400654e+00,2.5824401576304350e+00,2.7411819235871195e+02,2.1299640448390105e+02,-6.1873036181660419e+00,2.4250618925675584e+00,2.8208337325205127e+02,2.4348743161148707e+02,-2.1690229728919723e+00,2.7984128858720645e+00,2.3181568922153659e+02,1.7391768826720451e+02,-3.5576783148033225e-01
-3.6873121841845794e+01,-2.1549985218122347e+00,2.9702041216718459e+02,2.1880260805648336e+02,-1.0959658030540153e+01,-8.4921260157006060e+00,2.4778859124019351e+02,1.8231702801349346e+02,4.2746545390169116e-01,-1.3155586884275705e+01,2.8579940029136338e+02,2.7739240816451718e+02,1.7215266985859795e+01,-1.8068499624325881e+01,3.7739492549097571e+02,2.8024070762465198e+02,-1.1888218441705678e+01,3.7655155070807638e+00,3.2054409065005785e+02,2.4316039444079112e+02,-7.8249218896759949e+00,2.9799024728153674e+00,3.3331455148677912e+02,2.8305949553433925e+02,-3.5814494827436421e+00,3.8013020035968381e+00,2.7338764514902340e+02,2.0566868369338911e+02,-1.3552362616257878e+00
-6.9838135626783455e+01,-1.2287990030168418e+01,2.9753914943773333e+02,2.2640828479734313e+02,-1.6912765576970745e+01,-2.8452497871319736e+01,2.3401921238814742e+02,2.1192048738731469e+02,-5.6022245019282417e+00,-1.6371391489910600e+01,2.8206959276086218e+02,2.6669752356374164e+02,1.8245950177197116e+01,-1.3352640320842387e+01,3.7330837583114902e+02,3.1349644572772473e+02,-6.0312367092320835e+00,-3.7053492018166949e+00,3.6661348474742215e+02,3.3826209281795718e+02,1.5464710402974706e+00,-2.3323428062858338e+00,3.0716042100727844e+02,2.7467690265417019e+02,9.6834896071439003e-01,-8.6481326953052235e+00,2.7190663676476782e+02,2.6402195142091944e+02,9.9438622031664110e+00
-1.5641070905337943e+02,-2.9839315021104589e+01,6.5159866468452003e+02,4.9201439571370173e+02,-3.7447728178764130e+01,-5.8197978109683412e+01,5.1789968955276436e+02,4.6228209401364109e+02,-1.1963517158746580e+01,-3.6808224594756766e+01,6.2105109533671202e+02,5.7932885174255375e+02,3.5698618771942783e+01,-3.0022398634707699e+01,8.0622038530166446e+02,6.9018664312552642e+02,-1.2777531403134589e+01,-7.6145384830137814e+00,8.0939877363874791e+02,7.4189841285177056e+02,3.4900880340201543e+00,-5.5673692145108644e+00,6.7611735834742603e+02,5.9673292547388746e+02,5.6900957594047807e-01,-1.9611766886820007e+01,6.0005493761066816e+02,5.9136911322227024e+02,2.1417360672572389e+01
-3.6503683890666942e+01,-2.3698720582871657e+00,3.0551762368462761e+02,2.2329602187390125e+02,-1.0947627717202094e+01,-5.8961131471385544e+00,2.5768699224060930e+02,1.8470664842101667e+02,9.9983247451725443e-01,-1.3590495713795745e+01,2.9535901614509703e+02,2.8468369871992002e+02,1.6276915364565081e+01,-1.9198176852388169e+01,3.8496064090071360e+02,2.8689923916668585e+02,-1.2542835590057548e+01,4.6064658261010845e+00,3.2829501235929433e+02,2.4320099667246512e+02,-8.7366906455261208e+00,3.3274189370737983e+00,3.4599968630353254e+02,2.9031369304342502e+02,-4.5270718065669673e+00,4.6528308083601955e+00,2.8281845422308720e+02,2.1128575845975433e+02,-2.3761813279989865e+00
-6.3411710125256469e+01,-1.3383083361517048e+01,3.3076394929501896e+02,2.3849064877846214e+02,-1.5759590011611722e+01,-9.3100630935561295e+00,2.8150783251607163e+02,2.1211903097836881e+02,-1.5470269184996139e+00,-1.8183271061999687e+01,3.2371728852566292e+02,2.9348898873031658e+02,1.0231103166786884e+01,-1.9719688859961352e+01,3.9322209706552866e+02,3.3475122614112234e+02,-9.6624240241893187e+00,1.9529992246091255e+00,3.9169437495324871e+02,3.1556900853935372e+02,-4.2910259267838233e+00,-7.1407888181134305e-02,3.6683083979492113e+02,3.0067378883582910e+02,-5.3715394308798272e+00,-2.8171817635399092e+00,3.1368799092042150e+02,2.8398657249557357e+02,2.7505661654080993e+00
-1.3453242832580554e+02,-2.4868019288575951e+01,5.6108534093767287e+02,4.2555083461864893e+02,-3.2309082095790473e+01,-5.2625128203775454e+01,4.4313163061493225e+02,3.9998543962380063e+02,-1.0668027413507531e+01,-3.1421229505908048e+01,5.3321885620190449e+02,5.0039279858436646e+02,3.2563518412053895e+01,-2.5337193078509031e+01,6.9877855492521053e+02,5.9408349767198990e+02,-1.0950499597125473e+01,-7.0620443148005645e+00,6.9603022540191716e+02,6.4211824883815370e+02,3.3332124454688277e+00,-4.8118063500094364e+00,5.7969599983213777e+02,5.1549986114017111e+02,1.3201655375825287e+00,-1.7098422046028155e+01,5.1470113930647472e+02,5.0599865296714324e+02,1.9039832987966701e+01
-5.1639162137371031e+01,-8.5731620194144558e+00,3.5099243568840109e+02,2.5162927669992447e+02,-1.3994654982231893e+01,-3.0955893394334089e+00,3.0247552469689339e+02,2.1329397977144737e+02,8.1762056404528483e-01,-1.7507145087460351e+01,3.4388343939795800e+02,3.1830034435646502e+02,1.2280117909703735e+01,-2.2626542074894541e+01,4.2423154516634537e+02,3.3955491412571098e+02,-1.2967137803664970e+01,5.0688470362702951e+00,3.9324646278072282e+02,2.9368708919595730e+02,-8.6323713715628649e+00,2.4098061049373931e+00,3.9925638080576277e+02,3.2496557006726874e+02,-6.9831652709113676e+00,2.6571879529979294e+00,3.3171645820312330e+02,2.7069535838385565e+02,-1.7825271285199273e+00
-4.7961275873240787e+01,-8.4355873496025744e+00,3.1760219733881092e+02,2.2723091034949741e+02,-1.2851427945624442e+01,-2.5550253135608076e+00,2.7427275041119225e+02,1.9331751504783344e+02,6.6411163532131856e-01,-1.6060547834625289e+01,3.1161509099809234e+02,2.8703256826553218e+02,1.0450912563063870e+01,-2.0500935278503476e+01,3.8196595553834936e+02,3.0851242555141766e+02,-1.1543236832425261e+01,4.5122182540354512e+00,3.5782165416791435e+02,2.6788289446504848e+02,-7.6007697390961333e+00,1.9971657218128676e+00,3.6127440095552350e+02,2.9310000782553215e+02,-6.4730674481913661e+00,2.0394630462116670e+00,3.0085416257958008e+02,2.4824974996283760e+02,-1.4370199006425779e+00
-3.6050054753839959e+01,-2.7792849011666476e+00,2.8466115956364007e+02,2.0863844212839007e+02,-1.0574451629148665e+01,-6.9174552331051737e+00,2.3900683017341268e+02,1.7406020688559403e+02,5.2948482833510135e-01,-1.2841796393404913e+01,2.7481972365896780e+02,2.6466433651643308e+02,1.5359889915998044e+01,-1.7554687501855579e+01,3.5871416481311570e+02,2.6933808750469541e+02,-1.1316715566647602e+01,3.7897415029522388e+00,3.0865067003025388e+02,2.3273256323429035e+02,-7.5320078085246900e+00,2.7677771158062607e+00,3.2053352629482913e+02,2.7006211680706957e+02,-3.8742451826330564e+00,3.5441104367667129e+00,2.6324501133119594e+02,2.0024140297568977e+02,-1.4668524943271606e+00
-5.9260284429474972e+01,-1.2906539177428771e+01,2.7302408291347894e+02,1.9904107785250159e+02,-1.4287617199331669e+01,-1.2780911116626577e+01,2.2837783723737752e+02,1.8195984215921789e+02,-2.6815655101595781e+00,-1.5590610259921224e+01,2.6577017347958770e+02,2.4042059812623955e+02,9.2891132249651420e+00,-1.5093107023838510e+01,3.2515049787796391e+02,2.8317779782326994e+02,-6.7123546053174366e+00,-1.4721909734821387e-01,3.3263596091794449e+02,2.8167589149116270e+02,-1.4399555777991027e+00,-1.1916921853349480e+00,2.9626338236161843e+02,2.4688076551561898e+02,-3.1808928236032559e+00,-5.0374979763374439e+00,2.5782084891911211e+02,2.4558222738021982e+02,4.8718722841023210e+00
-4.6983118661321271e+01,-6.5513667434055636e+00,3.4331840979028067e+02,2.4719174598971475e+02,-1.3139414306511480e+01,-3.3884959351708117e+00,2.9460857147410940e+02,2.0746229800814746e+02,1.0679234800996658e+00,-1.6533196381649326e+01,3.3529988689460089e+02,3.1396681125925068e+02,1.3659445096230980e+01,-2.2125644920884998e+01,4.1981156146353931e+02,3.2854263077762067e+02,-1.3237761624728813e+01,5.2416221944936243e+00,3.7907303664865714e+02,2.8067971842438175e+02,-9.0935117656874631e+00,2.8865982306647306e+00,3.9087341658525986e+02,3.2036540186755275e+02,-6.5018745608844108e+00,3.6769507359111402e+00,3.2274498341869457e+02,2.5572152805902650e+02,-2.3316028630643264e+00
-3.8305322288364188e+01,-7.1303411418216376e+00,2.5946676944597965e+02,1.8419519135885139e+02,-1.0281830696215803e+01,1.4294101175165030e-01,2.2633433178343446e+02,1.5581123430292064e+02,9.6044300891055900e-01,-1.3204851487002866e+01,2.5572043080397395e+02,2.3382045341634833e+02,7.3181512145279459e+00,-1.7225061595391601e+01,3.0922075525054180e+02,2.5121898708459665e+02,-9.6386112287792027e+00,4.2377096640167338e+00,2.9158502386483366e+02,2.1390257804309579e+02,-6.7017853286901081e+00,1.8008937721393710e+00,2.9757061841989412e+02,2.3863031860441234e+02,-5.9650550205095918e+00,2.1731587816850153e+00,2.4714780414214053e+02,2.0319271193788023e+02,-1.8990461480520586e+00
-4.8765096163420360e+01,-7.9381568464217134e+00,3.5011617501317266e+02,2.4982961359461615e+02,-1.3437726520702276e+01,-6.5060482434305322e-01,3.0376424628311344e+02,2.0970819954359285e+02,1.4357775092251261e+00,-1.7274037568874860e+01,3.4384749715261387e+02,3.1799692417606639e+02,1.1623002231606106e+01,-2.3125531877912501e+01,4.2222370984707970e+02,3.3599668801053468e+02,-1.3448693132567763e+01,5.8403446435552597e+00,3.8868308759116945e+02,2.8395189041698279e+02,-9.5040908628842296e+00,2.8600137560267163e+00,4.0127001164076506e+02,3.2441445005167782e+02,-7.5986416670235952e+00,3.7695084444080358e+00,3.3164845608312658e+02,2.6605876326010628e+02,-2.9139330937184531e+00
-3.7690960026260790e+01,-2.9516469168587713e+00,3.0889305930406641e+02,2.2516337258785364e+02,-1.1173508177531030e+01,-5.3874833590331406e+00,2.6136106900911176e+02,1.8661762345170246e+02,1.0259989578439381e+00,-1.3921220062667116e+01,2.9915886470108705e+02,2.8696337031733901e+02,1.5743768618937890e+01,-1.9513420594041371e+01,3.8727591486080098e+02,2.9088153174535000e+02,-1.2573248436941121e+01,4.6966489865956724e+00,3.3329907569750065e+02,2.4664800344075272e+02,-8.7591325404538996e+00,3.2545027998830864e+00,3.5024319324815406e+02,2.9265756783948160e+02,-4.8115304144534443e+00,4.5155125896006210e+00,2.8670620642335234e+02,2.1619359609269645e+02,-2.3948914752343740e+00
-1.5894233113431866e+02,-3.6626265544414480e+01,8.9438378045786669e+02,6.3158131883307306e+02,-3.9856915889419355e+01,-3.2477303885839408e+00,7.8252747965543529e+02,5.5111415389456533e+02,2.8233934939648397e-01,-4.9380082291464589e+01,8.8564945096687120e+02,7.8965963832235843e+02,1.7215467404847093e+01,-5.8084045871443003e+01,1.0401411819545522e+03,8.9312823143316814e+02,-2.8800145909821147e+01,1.1098582305698425e+01,1.0458151761494328e+03,7.9681903378182051e+02,-1.7218590171367964e+01,2.0635257253362309e+00,1.0165407584870838e+03,8.0748862618669807e+02,-2.0945844619732199e+01,-1.3996592713226177e+00,8.6002127252418927e+02,7.6210721648743277e+02,-4.4085766472028981e-01
-4.0047933826321987e+01,-2.2944477214605774e+00,2.8762535860780991e+02,2.1560762508644615e+02,-1.1526986274825768e+01,-1.4624129359707755e+01,2.3388960703923257e+02,1.8338727389950489e+02,-9.5232906906283643e-01,-1.2785341325791192e+01,2.7391125827776978e+02,2.6929583719078852e+02,1.9449906103729919e+01,-1.6093613069613511e+01,3.7138719816106430e+02,2.7558564893632018e+02,-1.0622043601888860e+01,1.8784985439703412e+00,3.1535879137336826e+02,2.5333581722348239e+02,-5.8018002484640272e+00,2.1228434745674916e+00,3.1544302501561469e+02,2.7527737540718249e+02,-1.6347011144748593e+00,1.6492009870271573e+00,2.6157247814936250e+02,2.0253438244917220e+02,1.1192247943748130e+00
-6.7165990445458831e+01,-1.4001010429480399e+01,3.5953678675673592e+02,2.5885930280978965e+02,-1.6813179357240081e+01,-9.0646286544144221e+00,3.0674225427656233e+02,2.2901291872714111e+02,-1.3606041806331994e+00,-1.9592765346606342e+01,3.5209583741432505e+02,3.1962527488908444e+02,1.1076493385707224e+01,-2.1686676246732848e+01,4.2770448024978805e+02,3.6211587468792231e+02,-1.0817316207043080e+01,2.5206588470308136e+00,4.2332686723692063e+02,3.3796828575288282e+02,-5.1650497972953087e+00,2.0692476948105404e-01,4.0015994713634421e+02,3.2731242378983006e+02,-6.0786028968767356e+00,-2.3965344513360960e+00,3.4107041529799733e+02,3.0557015909321206e+02,2.3878266525475365e+00
-3.5173863260612073e+01,-1.2787905998372362e+00,2.9213051073183465e+02,2.1619969523600969e+02,-1.0640784940548283e+01,-9.3743430270604353e+00,2.4230954921714934e+02,1.7967186420684106e+02,3.6565383718791072e-01,-1.2665256051141416e+01,2.8021129687028986e+02,2.7415873584366983e+02,1.8081541536946148e+01,-1.7581444411008672e+01,3.7426890035003265e+02,2.7448827630059156e+02,-1.1836421051874801e+01,3.6026278951054640e+00,3.1328645599999476e+02,2.3841582726273637e+02,-7.7675671042021550e+00,3.0800299132759767e+00,3.2701632275897293e+02,2.7974095627729315e+02,-3.1230650833787821e+00,3.9787032842561461e+00,2.6765180604969191e+02,1.9844448225164047e+02,-1.2878744286134514e+00
-1.1229006603669536e+02,-2.2656762873428519e+01,5.2528932083087750e+02,3.8660774124699157e+02,-2.7368627221600903e+01,-2.9032863995645492e+01,4.3403823047351381e+02,3.5287900781361054e+02,-5.6740093611686451e+00,-2.9281752314042478e+01,5.0821987319044598e+02,4.6628225580051327e+02,2.1674417646598044e+01,-2.8156071600469989e+01,6.3537457981509135e+02,5.4294072239170669e+02,-1.3055613139881697e+01,-1.0289990159760887e+00,6.3606426410634617e+02,5.4479840775518971e+02,-2.4800082448992202e+00,-2.1031093728860903e+00,5.6586780870730752e+02,4.7886726563241973e+02,-4.5642241107960055e+00,-9.6044791111499421e+00,4.9190488823406776e+02,4.6321767734578322e+02,1.0150318252848310e+01
-6.3697948180820724e+01,-1.2784851123580292e+01,3.2533232094086344e+02,2.3679923326263096e+02,-1.5831593148468919e+01,-1.2589984164482720e+01,2.7339226306144792e+02,2.1189046228970807e+02,-2.1628094781864804e+00,-1.7751739021282493e+01,3.1663392197520767e+02,2.8971944967003708e+02,1.1949303969200624e+01,-1.8662539147285226e+01,3.9114465559192030e+02,3.3049663016490229e+02,-9.1866836543962478e+00,1.0744286812217441e+00,3.8636563063066654e+02,3.1795472187666553e+02,-3.4672302090815452e+00,-3.2745573064665545e-01,3.5707793952014350e+02,2.9701159137266336e+02,-4.2402157596603915e+00,-3.5442971260196319e+00,3.0642916813965445e+02,2.7867810190710088e+02,3.8171470681252124e+00
-3.8044744913456441e+01,-6.9602367248482047e+00,2.5724339613156206e+02,1.8295057947809340e+02,-1.0220997876926901e+01,-3.3275787368592674e-01,2.2388408908769753e+02,1.5487823989745286e+02,8.7418962471447081e-01,-1.3055089806104840e+01,2.5325708813946150e+02,2.3204143574459320e+02,7.5619472456529913e+00,-1.6978339464692105e+01,3.0731526388465034e+02,2.4912054146801796e+02,-9.5307515335889743e+00,4.0961640340489991e+00,2.8905914221078166e+02,2.1288246613035008e+02,-6.5632646765535192e+00,1.7674902072672765e+00,2.9452863397390269e+02,2.3683666181896285e+02,-5.7628437081208341e+00,2.0842603314868424e+00,2.4469137521503183e+02,2.0107846737154296e+02,-1.7513766329505820e+00
-6.0570359964347475e+01,-1.3621871350532235e+01,3.3333334655137662e+02,2.3675898299596761e+02,-1.5145924593760858e+01,-3.4843785869118236e+00,2.8944099087254045e+02,2.0774100263216135e+02,-3.6103539724722583e-01,-1.8387142415311143e+01,3.2901612271170899e+02,2.9468727681424298e+02,7.4861839653695137e+00,-2.1153161815877123e+01,3.9001388532226798e+02,3.3414873022172031e+02,-1.0450964965533595e+01,3.5295553397261124e+00,3.9120658457650910e+02,3.0289795127158277e+02,-5.8280545937046844e+00,5.2980542054923330e-01,3.7629927093104499e+02,3.0149922540149902e+02,-7.1425628333706541e+00,-1.1774031146624024e+00,3.1931578864667483e+02,2.8471947482023398e+02,6.5937218194037706e-01
-6.9798281375251932e+01,-1.2579996208167911e+01,2.9823550749757578e+02,2.2609320424581961e+02,-1.6877863033716604e+01,-2.7308026727492823e+01,2.3586324079064678e+02,2.1137739139408484e+02,-5.4133863823115540e+00,-1.6498331567020063e+01,2.8341685070983925e+02,2.6676943982862957e+02,1.7518419614133435e+01,-1.3637479720402002e+01,3.7231916899258539e+02,3.1406063549070433e+02,-6.1147457666486815e+00,-3.4423131050787346e+00,3.6749364723021330e+02,3.3691748267431393e+02,1.3370216508680193e+00,-2.2872851316318892e+00,3.0914150358631463e+02,2.7469845202689305e+02,5.8677995799064830e-01,-8.4793222217499640e+00,2.7339480138308721e+02,2.6551712151221096e+02,9.6258714994870829e+00
-4.8697021253091862e+01,-7.9839206274393879e+00,3.5084487698510867e+02,2.5011230368719674e+02,-1.3425657899991156e+01,-2.7724483922781246e-01,3.0477177373540837e+02,2.0977923505213209e+02,1.5110123803897879e+00,-1.7320619055655595e+01,3.4475016789993145e+02,3.1856108121631587e+02,1.1451050682259959e+01,-2.3254187043151756e+01,4.2265396166586214e+02,3.3653536309454154e+02,-1.3515245247699690e+01,5.9474068094720201e+00,3.8933333166848388e+02,2.8366716185707509e+02,-9.6110060636252239e+00,2.8977864966578717e+00,4.0251719009245778e+02,3.2496639569493561e+02,-7.7268467503443681e+00,3.8695690232610711e+00,3.3255870885968955e+02,2.6662247350756974e+02,-3.0460932893177075e+00
-5.0444828146852593e+01,-8.0820285791179067e+00,3.5147442845871217e+02,2.5197548955735300e+02,-1.3798830473810549e+01,-2.7112891057142345e+00,3.0301655501412972e+02,2.1275924364387296e+02,9.9335376905706962e-01,-1.7370700926717717e+01,3.4428832591142600e+02,3.1938354878524416e+02,1.2524340089039381e+01,-2.2762157639125139e+01,4.2565498167733438e+02,3.3874965201205941e+02,-1.3199475481303983e+01,5.2849047093455050e+00,3.9193078620591575e+02,2.9098915926805427e+02,-8.9511870881698474e+00,2.6114625636833453e+00,4.0045115462833098e+02,3.2598845694101215e+02,-7.0442111989172140e+00,3.1008586280991692e+00,3.3195513839407784e+02,2.6840691533168660e+02,-2.1251519620458730e+00
-3.5656363281120321e+01,-1.2757656517637102e+00,2.9293429914310570e+02,2.1718700384816492e+02,-1.0754173437125642e+01,-1.0052275441819123e+01,2.4234501525752583e+02,1.8083953203151512e+02,2.3263290399056097e-01,-1.2695870270700999e+01,2.8067854339489378e+02,2.7502093843286525e+02,1.8436827444078563e+01,-1.7487928244059699e+01,3.7597067763587580e+02,2.7561499458023735e+02,-1.1787361302086417e+01,3.4381627155135708e+00,3.1456534655355267e+02,2.4077830103051167e+02,-7.6192787822665720e+00,3.0193736420376132e+00,3.2718081473313396e+02,2.8066658911126723e+02,-2.9414716229843303e+00,3.8005191345871197e+00,2.6804238926799360e+02,1.9919526862861164e+02,-1.0545482701709690e+00
-6.9659136456905969e+01,-1.2517784705403649e+01,2.9795842332039717e+02,2.2593474688684486e+02,-1.6851991024247369e+01,-2.7329922263455646e+01,2.3557362123456903e+02,2.1118768978073004e+02,-5.4087135703109857e+00,-1.6466598628181902e+01,2.8310699606019142e+02,2.6659956053703723e+02,1.7564718894990609e+01,-1.3616500716312807e+01,3.7214453979185413e+02,3.1369205825479150e+02,-6.1195314380820456e+00,-3.4413646641363083e+00,3.6702370392311042e+02,3.3652229147741792e+02,1.3277451502406634e+00,-2.2746505059958793e+00,3.0882157565276435e+02,2.7452065813908780e+02,6.0612828063356705e-01,-8.4528265182444979e+00,2.7307396499047570e+02,2.6503462121976764e+02,9.6144396403475962e+00
-5.0784884705719186e+01,-8.1225306537094166e+00,3.4916236710397339e+02,2.5074348748249835e+02,-1.3842378949786335e+01,-3.4786646036223736e+00,3.0031338819410405e+02,2.1225582283268204e+02,8.0645782718595860e-01,-1.7283996626928808e+01,3.4170756319040191e+02,3.1727012650783280e+02,1.2727804271234755e+01,-2.2437571587138454e+01,4.2341535475934592e+02,3.3717899616287667e+02,-1.2981123498239334e+01,5.0191009242516138e+00,3.9017660364172582e+02,2.9154733304782854e+02,-8.6467738286146592e+00,2.4795575945991426e+00,3.9688983548740754e+02,3.2389764714787526e+02,-6.7812725966925642e+00,2.7871497228445876e+00,3.2943978817444918e+02,2.6739640221792581e+02,-1.7860862874010519e+00
-6.4055984890550633e+01,-1.3318121200004301e+01,3.0039957731976875e+02,2.2004773085230892e+02,-1.5574947307322049e+01,-1.5135777232823234e+01,2.4980701868394368e+02,2.0057914675833655e+02,-3.0080448265731432e+00,-1.6866485617054622e+01,2.9149126502595311e+02,2.6592645949176375e+02,1.1427600012667611e+01,-1.6407329161365048e+01,3.6099368199379722e+02,3.1037629642634607e+02,-7.5363957988754882e+00,-2.6803155922666910e-01,3.6391003148372300e+02,3.0914203180435817e+02,-1.6592208477428290e+00,-1.1546341043795458e+00,3.2511732044832314e+02,2.7304326215762103e+02,-3.0804031506817924e+00,-5.2908365529933725e+00,2.8237527227708784e+02,2.6617732012521407e+02,5.4078442625313325e+00
-5.0444929343010742e+01,-7.3626148536276261e+00,3.3617407934581490e+02,2.4405221204957678e+02,-1.3715356064216550e+01,-7.4089669137278031e+00,2.8500651637894066e+02,2.0820077878654436e+02,2.0084480195117903e-02,-1.6480567845787853e+01,3.2690136152490402e+02,3.0672419414495096e+02,1.4493253691236720e+01,-2.0736089058099640e+01,4.1286962417346956e+02,3.2608476317783067e+02,-1.2126610720554552e+01,3.8334275283685688e+00,3.7693528548948979e+02,2.8961015705554621e+02,-7.4383646960551744e+00,2.0862890087888446e+00,3.7772036437834419e+02,3.1337083583811801e+02,-5.2941675479700248e+00,1.7754445150312068e+00,3.1468414649717454e+02,2.5663584437679327e+02,-4.0887391672111251e-01
-4.9210294666987870e+01,-7.7861174193284501e+00,3.5218667740813328e+02,2.5194880281273376e+02,-1.3574174506743352e+01,-1.5750027020791910e+00,3.0457581960409846e+02,2.1173912074362576e+02,1.2905541416391142e+00,-1.7309185630155536e+01,3.4535919348767953e+02,3.2029570086660283e+02,1.2276305450703415e+01,-2.3069488878910811e+01,4.2613392771239927e+02,3.3811485419829972e+02,-1.3475112892277293e+01,5.6681210442675223e+00,3.9096837177241116e+02,2.8725952513838956e+02,-9.3978850207837450e+00,2.8381828773865734e+00,4.0268313940508955e+02,3.2680374825590758e+02,-7.3519539101920968e+00,3.6473790319258055e+00,3.3296320907944244e+02,2.6697093918105662e+02,-2.6713266333160108e+00
-3.6833199649642658e+01,-3.2464219847843951e+00,2.8898873274374324e+02,2.1099606474946049e+02,-1.0736699243021903e+01,-5.9882999643245096e+00,2.4384634359397398e+02,1.7598728089520134e+02,6.7260740363593463e-01,-1.3177060720191184e+01,2.7968253164061696e+02,2.6793583252882001e+02,1.4773968155157267e+01,-1.8030247056361507e+01,3.6208654028611880e+02,2.7370249937353282e+02,-1.1482538807354358e+01,4.0378830738415017e+00,3.1399632319662635e+02,2.3526901405654033e+02,-7.7472194676358503e+00,2.7909616666969468e+00,3.2640218115045076e+02,2.7337282395682496e+02,-4.2853797542224061e+00,3.6302381398180987e+00,2.6814142680272755e+02,2.0503672285979340e+02,-1.7020395258800762e+00
-5.7959269672570187e+01,-1.2850655042548116e+01,3.3416989231757009e+02,2.3663528117453598e+02,-1.4680326085271853e+01,-1.6668552586111069e+00,2.9152808337183444e+02,2.0568364953395266e+02,1.6740099423361107e-01,-1.8180201749493477e+01,3.3028885217662457e+02,2.9627936229657490e+02,7.3147537945772507e+00,-2.1636117107289280e+01,3.9112826607028404e+02,3.3224008248843421e+02,-1.0975421325855111e+01,4.1977317759597419e+00,3.8840848942155827e+02,2.9549125205974258e+02,-6.6524198373759926e+00,9.8016563331566664e-01,3.7964149582445208e+02,3.0290742612437731e+02,-7.5925505209865003e+00,-1.1868046849202261e-01,3.2039832950650361e+02,2.8073520611048389e+02,-3.2582787608372443e-01
-4.7163171312018186e+01,-6.4891890247424104e+00,3.3985023280773430e+02,2.4532360123731658e+02,-1.3147686104110631e+01,-4.4106800962394912e+00,2.9061711221281820e+02,2.0646952140479002e+02,8.3729170465017799e-01,-1.6364017849887453e+01,3.3142782216974098e+02,3.1094940208188240e+02,1.4004604432470975e+01,-2.1671704578984134e+01,4.1662345692569750e+02,3.2585573542482206e+02,-1.2967024552751665e+01,4.9031620919826837e+00,3.7596531657413186e+02,2.8066874145828831e+02,-8.7208806120519071e+00,2.7409228658370970e+00,3.8572773486645843e+02,3.1736240225658668e+02,-6.1298883449489150e+00,3.3239961045438502e+00,3.1893656928500309e+02,2.5354310091451441e+02,-1.9186031942606179e+00
-3.3574264524864951e+01,-4.8928723270978525e+00,2.4614722959736784e+02,1.7663864362077771e+02,-9.3737946030356696e+00,-1.5944978054414309e+00,2.1212476860856577e+02,1.4803883157473300e+02,9.0222188719934138e-01,-1.1919414624386485e+01,2.4087893561186689e+02,2.2470240305516307e+02,9.2507862626733584e+00,-1.6037576088946707e+01,2.9967082301797558e+02,2.3546624705650356e+02,-9.5341757444446706e+00,3.9424159640272820e+00,2.7184260580510181e+02,1.9982343857765136e+02,-6.6608206217327073e+00,2.0999872951951177e+00,2.8110681953349865e+02,2.2924351922662089e+02,-4.9279841600692018e+00,2.7573548838787207e+00,2.3199597426027665e+02,1.8401968052571073e+02,-1.9013424855508494e+00
-6.5738795041757783e+01,-1.3753894469710403e+01,3.5936004032154619e+02,2.5796173251288252e+02,-1.6531524616086159e+01,-7.5840067938449973e+00,3.0789429312840315e+02,2.2716163924087306e+02,-1.0088702125009013e+00,-1.9510685036125309e+01,3.5248533752408736e+02,3.1958148044050347e+02,1.0585473293625014e+01,-2.2007262884236866e+01,4.2659777465939834e+02,3.6056849171719949e+02,-1.1080253800632633e+01,2.9670780471980107e+00,4.2136623421923815e+02,3.3289039751405579e+02,-5.6501551650251347e+00,4.4239441642830346e-01,4.0173248255531814e+02,3.2713549128759786e+02,-6.4749862291637559e+00,-1.8025148095798591e+00,3.4147278751238866e+02,3.0367911789754334e+02,1.7503117096828016e+00
-3.4468580502326333e+01,-1.0512066517523664e+00,2.8963870479709698e+02,2.1449232978299418e+02,-1.0487596007738480e+01,-9.3555344957293460e+00,2.4007674442985100e+02,1.7802062594982564e+02,3.9036344494192610e-01,-1.2487333266450358e+01,2.7768681196463388e+02,2.7213318702397044e+02,1.8130497257406525e+01,-1.7426701513186874e+01,3.7166865839480738e+02,2.7173405473309168e+02,-1.1798530190676415e+01,3.6003961253110144e+00,3.0996805668407018e+02,2.3565354910206847e+02,-7.7731717677350485e+00,3.1142756186008533e+00,3.2424685148509752e+02,2.7765489366061365e+02,-3.0522201405965834e+00,4.0665811312424296e+00,2.6515607248475044e+02,1.9568892111762290e+02,-1.3395359388823114e+00
-4.7480459396898077e+01,-8.3173142987409197e+00,3.1885747942407642e+02,2.2784728022838851e+02,-1.2774954511626497e+01,-1.9758415602476704e+00,2.7584933538812078e+02,1.9334061098543674e+02,8.1729738192214418e-01,-1.6077184293150388e+01,3.1304399622670627e+02,2.8829036068496060e+02,1.0343383306713138e+01,-2.0716395013372363e+01,3.8325421721570143e+02,3.0906968157515962e+02,-1.1714183946493383e+01,4.7203212051963783e+00,3.5835960217316301e+02,2.6675176132782184e+02,-7.8481093825440018e+00,2.1163752653059134e+00,3.6343148436946768e+02,2.9432565279199969e+02,-6.6512795577501533e+00,2.3201687880948985e+00,3.0222431926382444e+02,2.4825697158217196e+02,-1.7186068351209356e+00
-6.7022772423232212e+01,-1.2297651921680492e+01,2.8287231688348442e+02,2.1434827075438969e+02,-1.6143187360531691e+01,-2.6020438911316067e+01,2.2377904190359615e+02,2.0092033029636448e+02,-5.2276070566241142e+00,-1.5765675983000760e+01,2.6894129373893736e+02,2.5253262665846523e+02,1.6375426911680993e+01,-1.2894558349994611e+01,3.5236385641070251e+02,2.9871039325048503e+02,-5.6647418116731529e+00,-3.3730046966743363e+00,3.4980246599277871e+02,3.2138245163890258e+02,1.4481844703425852e+00,-2.2958611457859779e+00,2.9293128979271125e+02,2.6009152703905227e+02,5.4651893610139957e-01,-8.3140449347971366e+00,2.5955421163948483e+02,2.5371424404356273e+02,9.3173816568203058e+00
-4.6521764157546386e+01,-6.9502556302108367e+00,3.4402360023570975e+02,2.4620845127232747e+02,-1.3001120175878487e+01,-1.1971113671956837e+00,2.9752117025589712e+02,2.0592451490489688e+02,1.4539797958637759e+00,-1.6698303613591264e+01,3.3719057121137621e+02,3.1373877986532869e+02,1.2364015674621934e+01,-2.2635060144784831e+01,4.1751865762943453e+02,3.2871824708670619e+02,-1.3421170047459366e+01,5.7647834835748935e+00,3.7959875726026155e+02,2.7699830587068010e+02,-9.5365006087755990e+00,3.0128849096584371e+00,3.9400547896013018e+02,3.2001774174074063e+02,-7.2006954880318883e+00,4.0873644846209709e+00,3.2487699463485728e+02,2.5737634687944222e+02,-2.9921587011369084e+00
-5.2414992850106835e+01,-7.8433821741132705e+00,3.3698392025711490e+02,2.4530656135288049e+02,-1.4094112458052098e+01,-8.9016363450840466e+00,2.8450165345012527e+02,2.1062711499284734e+02,-3.7230919815949226e-01,-1.6664382743367884e+01,3.2723605969676800e+02,3.0703726744985863e+02,1.4833146665187131e+01,-2.0446293477204758e+01,4.1421365275754937e+02,3.2870056424005219e+02,-1.1814810894157727e+01,3.3491185459189348e+00,3.8030153633625685e+02,2.9613236493767079e+02,-6.8784888198776759e+00,1.7868014579107416e+00,3.7677093801962093e+02,3.1384712880708884e+02,-4.9351338570024010e+00,1.0433780458235054e+00,3.1505879355308298e+02,2.6011022107202962e+02,3.1349235389557673e-01
-6.9805115696163654e+01,-1.2398605755543565e+01,2.9876764212405186e+02,2.2688243038717167e+02,-1.6906200137089822e+01,-2.7844920820387642e+01,2.3571325489623592e+02,2.1209115486551943e+02,-5.4861784944752037e+00,-1.6460613571821042e+01,2.8359769667947961e+02,2.6760501795106467e+02,1.7939093857663128e+01,-1.3563450310227015e+01,3.7397374820716175e+02,3.1448682951916049e+02,-6.1296728223865022e+00,-3.5376933095392897e+00,3.6783050617745147e+02,3.3797781427124534e+02,1.3855959213231428e+00,-2.2814252268094113e+00,3.0922449906689081e+02,2.7556813505313386e+02,7.5447563719108846e-01,-8.5075386138402553e+00,2.7345771510368513e+02,2.6514784627723333e+02,9.7422262128925201e+00
-8.8796818610605627e+01,-1.0331735678692628e+01,7.0926353224122465e+02,5.1047606048850059e+02,-2.5730315460323741e+01,-4.1857151638599870e+00,6.0976138904121933e+02,4.2297274678085927e+02,3.3887754754683299e+00,-3.3135082851367535e+01,6.9242587306389703e+02,6.5268916044720766e+02,2.9510483742197554e+01,-4.6449425737469056e+01,8.7230419208268802e+02,6.7043947441901787e+02,-2.8757901926345188e+01,1.2251986699407860e+01,7.7108295679908201e+02,5.5920364155234017e+02,-2.0831098527893808e+01,7.2637307575294718e+00,8.1200984160325515e+02,6.6544027777374106e+02,-1.3858731442033891e+01,1.0499362796248501e+01,6.6555732374713568e+02,5.1123137767967023e+02,-7.1081694442777410e+00
-1.3566769344007028e+02,-2.7414068322556560e+01,6.0606707108543844e+02,4.4889392523273750e+02,-3.2749850102730441e+01,-3.9230938979344380e+01,4.9589144313409946e+02,4.1418327790704558e+02,-7.9736849534107259e+00,-3.4175422251247724e+01,5.8435426725838317e+02,5.3706910745423761e+02,2.6618686809810463e+01,-3.1185845029002067e+01,7.3572977957607498e+02,6.3245636074992410e+02,-1.3910025825460817e+01,-2.9965568425546576e+00,7.4176229396319854e+02,6.4905253070817605e+02,-8.2918440682999850e-01,-3.4469594201480791e+00,6.4587392581649829e+02,5.5211924630978433e+02,-3.7564441269190270e+00,-1.3603729551204054e+01,5.6561862725810875e+02,5.4291503493629716e+02,1.4316363056468166e+01
-9.8735204250101987e+01,-2.1444235432122127e+01,4.5710592192568805e+02,3.3317606068283260e+02,-2.3836077652204484e+01,-2.1161924491310526e+01,3.8250406208745562e+02,3.0425893115506881e+02,-4.4098362655842163e+00,-2.6050234254081673e+01,4.4498957549823882e+02,4.0271465151038780e+02,1.5576083269208034e+01,-2.5327370065972307e+01,5.4454244247701115e+02,4.7362558613688765e+02,-1.1322186137434214e+01,-1.4869368573957578e-01,5.5623039018571092e+02,4.7028714083218813e+02,-2.5400094467680021e+00,-1.9184315874264941e+00,4.9634889624985988e+02,4.1349962976026899e+02,-5.3741230647772928e+00,-8.2577535619566991e+00,4.3163838963172350e+02,4.1025285827652777e+02,8.0053539509195364e+00
-4.4406782812186385e+01,-9.4438221982543578e+00,2.5168641214414598e+02,1.7953869597838298e+02,-1.1246888326965459e+01,-3.2711399233365359e+00,2.1751272159646959e+02,1.5681505312845911e+02,-2.4805106638372232e-01,-1.3610632896484406e+01,2.4771929317075418e+02,2.2378272768940849e+02,6.6270429602904937e+00,-1.5865551340488663e+01,2.9718851645393590e+02,2.5093628981919827e+02,-8.0843119670613621e+00,2.6671724096496070e+00,2.9314502082160340e+02,2.2694653769063140e+02,-4.5731907765964728e+00,5.9111935746316235e-01,2.8374978347547807e+02,2.2890606984042401e+02,-5.1044194221864716e+00,-5.3532879267675804e-01,2.4006596113024210e+02,2.1099890695457228e+02,4.0243337749581015e-01
-6.7215548821754098e+01,-1.2416913228936281e+01,2.8456252864831174e+02,2.1531393112231854e+02,-1.6189450733372453e+01,-2.5683686589321201e+01,2.2561279850596955e+02,2.0164702714807663e+02,-5.1653165385176623e+00,-1.5876210608360129e+01,2.7079754164788113e+02,2.5390289299379924e+02,1.6209665594607344e+01,-1.3077091630903800e+01,3.5386205408510813e+02,3.0029949030009925e+02,-5.7468321934818851e+00,-3.2700180010362621e+00,3.5170745780718676e+02,3.2218271419652274e+02,1.3453701606149493e+00,-2.2700647872193476e+00,2.9521979608149752e+02,2.6147396590195206e+02,4.0124839869859119e-01,-8.2473468870669091e+00,2.6140022077245607e+02,2.5528021289571075e+02,9.2103080176665006e+00
-2.1648416094132125e+02,-3.8611940392895463e+01,9.8229056261442997e+02,7.3852631954246567e+02,-5.3020254397971513e+01,-7.7455891068423711e+01,7.8748768114447569e+02,6.8083452397227518e+02,-1.4712304555797232e+01,-5.3473085292961571e+01,9.3785487716024704e+02,8.8071790350266747e+02,5.4230479579506195e+01,-4.7750842956233434e+01,1.2206496313523812e+03,1.0211915544479530e+03,-2.2667981750898115e+01,-7.3868008285426887e+00,1.1930725191812157e+03,1.0648947218654096e+03,-4.2578035539261039e-02,-5.2956885121420836e+00,1.0335035621031884e+03,9.0567549414585994e+02,-1.3494364450050431e+00,-2.2402530251859719e+01,9.0463635204795423e+02,8.5584274783087847e+02,2.6010916590016070e+01
-5.0309337963693892e+01,-7.1869979252248140e+00,3.3594270409362224e+02,2.4420471881914918e+02,-1.3703912796475658e+01,-7.8084140759932605e+00,2.8433650367455851e+02,2.0833505840344205e+02,-3.1943159560629188e-02,-1.6413048788377917e+01,3.2640636764822540e+02,3.0681336335713064e+02,1.4807305218313228e+01,-2.0640368442899423e+01,4.1341008312047569e+02,3.2574576201564611e+02,-1.2122126554651489e+01,3.7571756232539775e+00,3.7640645454059234e+02,2.8978464787431540e+02,-7.3956306053522747e+00,2.0935966537991320e+00,3.7707273638114356e+02,3.1347183782395308e+02,-5.1522228098315850e+00,1.7644300211630757e+00,3.1411408810001535e+02,2.5575242861134001e+02,-3.2704238932877866e-01
-4.6356522524005619e+01,-6.0524157932724139e+00,3.3716009379073279e+02,2.4390552595616404e+02,-1.2994706824564133e+01,-4.9543686052735287e+00,2.8756904505627989e+02,2.0511312737757197e+02,7.8272315846659524e-01,-1.6108634967275659e+01,3.2834886368339227e+02,3.0911580647274604e+02,1.4471474672667945e+01,-2.1389251016569304e+01,4.1485152389561017e+02,3.2281933047866454e+02,-1.2916217113262199e+01,4.7884324365180158e+00,3.7215529941790032e+02,2.7839981265997892e+02,-8.6555229028283289e+00,2.7756041596479575e+00,3.8217817824993415e+02,3.1549011233421697e+02,-5.8662931373930505e+00,3.3750570871526291e+00,3.1578836296553726e+02,2.4981671432818032e+02,-1.8423450420249721e+00
-5.5494109229897447e+01,-1.0359247460261569e+01,3.7519027672533434e+02,2.6632936552139546e+02,-1.4884487024341094e+01,1.9877896528040365e-01,3.2729706439073368e+02,2.2535309311644178e+02,1.3780517545128106e+00,-1.9109932914828917e+01,3.6979328446163942e+02,3.3803845628317583e+02,1.0546357449022066e+01,-2.4903878367817153e+01,4.4702338935740016e+02,3.6336961018529536e+02,-1.3920510852658436e+01,6.1155002937577585e+00,4.2179331727060793e+02,3.0952571773780369e+02,-9.6689262234126705e+00,2.5881246319634714e+00,4.3025963874158015e+02,3.4499806216881262e+02,-8.6291503761856916e+00,3.1085734054319620e+00,3.5741352806551106e+02,2.9406467078112382e+02,-2.7239828551971419e+00
-3.6177713287937600e+01,-1.9612645595519125e+00,2.9303749504852777e+02,2.1607734649589153e+02,-1.0788399765336006e+01,-8.6001797127284405e+00,2.4417068054809914e+02,1.7996453174288646e+02,4.0652518744322358e-01,-1.2925433752327731e+01,2.8178391038795598e+02,2.7393732526590793e+02,1.7219751047344467e+01,-1.7784340170205873e+01,3.7296116129053684e+02,2.7627224880088801e+02,-1.1754252158272257e+01,3.6894330412012817e+00,3.1587189614981605e+02,2.3981163559199260e+02,-7.7283116198209187e+00,2.9668419323775708e+00,3.2866159116024659e+02,2.7953167826219209e+02,-3.4488539403144074e+00,3.7909911141647443e+00,2.6946824623335999e+02,2.0216606470486573e+02,-1.3203188687962897e+00
-6.6961139208695030e+01,-1.3879058712349197e+01,3.5765919566351971e+02,2.5776979270052527e+02,-1.6762573843929001e+01,-9.4187472563453323e+00,3.0472963643282668e+02,2.2819373784738201e+02,-1.4276283097076972e+00,-1.9473429081281751e+01,3.5004816473562408e+02,3.1808531616627425e+02,1.1242931447664539e+01,-2.1487843580151662e+01,4.2599431432795052e+02,3.6036064241475867e+02,-1.0725242714727791e+01,2.4094494060690268e+00,4.2123068461814466e+02,3.3706954790499555e+02,-5.0518352650088003e+00,1.7718165138862271e-01,3.9763599761125670e+02,3.2575830355108269e+02,-5.9243113314053719e+00,-2.4715085096824785e+00,3.3903896440748474e+02,3.0387605315571579e+02,2.5035757744137022e+00
-6.6951528809780271e+01,-1.2015676897230955e+01,2.8486129219178628e+02,2.1623105159114323e+02,-1.6182226737869929e+01,-2.6546956272695603e+01,2.2483959904848163e+02,2.0238063793687886e+02,-5.2667296735373075e+00,-1.5756902467995150e+01,2.7049345851293737e+02,2.5487670067755570e+02,1.6946375997504052e+01,-1.2924880630450806e+01,3.5608940220656575e+02,3.0025006834555580e+02,-5.7810472022034327e+00,-3.4128218427845747e+00,3.5132410871273663e+02,3.2303997501288649e+02,1.3994770891942492e+00,-2.2352393347980648e+00,2.9475373100371161e+02,2.6248467005530784e+02,6.9510537246264148e-01,-8.2363974354506269e+00,2.6089245504977720e+02,2.5377811075194600e+02,9.3643301019912535e+00
-9.1458763171183108e+01,-2.1235206450304130e+01,4.9292399783741803e+02,3.4927464926887694e+02,-2.2678881803884874e+01,-4.5951989746821864e+00,4.2909338794374526e+02,3.0753991267520252e+02,-6.2237312287033264e-01,-2.7543299592744749e+01,4.8733152328494253e+02,4.3416091053257412e+02,9.9319549360285890e+00,-3.1359116051334023e+01,5.7350749994349155e+02,4.9606265230285891e+02,-1.5168883059853039e+01,5.1430303586178434e+00,5.8159309197416565e+02,4.5092502131371685e+02,-8.3222300489291392e+00,5.0579352555513701e-01,5.5664268341920479e+02,4.4428062953401013e+02,-1.0857328830545981e+01,-2.2808626196007546e+00,4.7339702975277584e+02,4.2629887521805085e+02,1.1991172481267875e+00
-3.3692143200705260e+01,-1.0876315748818726e+00,2.9183496871842772e+02,2.1503624164910121e+02,-1.0339556832411107e+01,-7.6356369612448116e+00,2.4363582364582950e+02,1.7753037380365441e+02,7.5941456543826780e-01,-1.2597020741441108e+01,2.8063170249684759e+02,2.7388581211761669e+02,1.7420477602828171e+01,-1.7948076975515818e+01,3.7261591386083961e+02,2.7279618019560894e+02,-1.2108720311358020e+01,4.1043790488184602e+00,3.1120689829943365e+02,2.3279741856362034e+02,-8.2937593696611653e+00,3.3244793780374096e+00,3.2872039084118660e+02,2.7931822575538911e+02,-3.5989149535751705e+00,4.6100187183227455e+00,2.6812518499360789e+02,1.9666296994282803e+02,-1.9960429752679740e+00
-6.1800362773669370e+01,-1.2392404358560329e+01,2.8579076002152817e+02,2.1086811589071479e+02,-1.5035519316148562e+01,-1.6732425657737785e+01,2.3527478647295121e+02,1.9301888729485896e+02,-3.2935702830085352e+00,-1.5949202274815031e+01,2.7610439767721795e+02,2.5373685382131478e+02,1.2170462965210159e+01,-1.5111922110461519e+01,3.4646545191203091e+02,2.9608340319822946e+02,-6.9612590205201741e+00,-8.2589497199506368e-01,3.4689629898754845e+02,2.9916487743662219e+02,-1.0750880517382375e+00,-1.2668051150625963e+00,3.0678102962455637e+02,2.6065899455488153e+02,-2.2192171407437575e+00,-5.5456024440829514e+00,2.6719339537155690e+02,2.5269000596270752e+02,5.8921364658563240e+00
-3.2854718839993119e+01,-4.5210100958988599e+00,2.4311644451428361e+02,1.7493037838937292e+02,-9.2283860983561397e+00,-2.1149264240612067e+00,2.0883883550218198e+02,1.4651597094582468e+02,8.3736886715408809e-01,-1.1670660854244726e+01,2.3751144654707167e+02,2.2245417841950010e+02,9.6372558448317225e+00,-1.5734687625645989e+01,2.9728743389452620e+02,2.3224009041919609e+02,-9.4494138705325810e+00,3.8130241167491477e+00,2.6786959041611073e+02,1.9751684162890581e+02,-6.5626889284993997e+00,2.1118312593607769e+00,2.7716258215506127e+02,2.2695452174085409e+02,-4.6724323880394341e+00,2.7645439916312253e+00,2.2859751047748421e+02,1.8038995516991966e+02,-1.8020297425955143e+00
-3.5212213279624919e+01,-1.1844023550827361e+00,2.8971599925945992e+02,2.1493973296139197e+02,-1.0633674251222624e+01,-1.0114411678970059e+01,2.3947810050426025e+02,1.7896729842857349e+02,2.0874731095144824e-01,-1.2530946787655964e+01,2.7747746098064243e+02,2.7213397372832321e+02,1.8376208707363240e+01,-1.7261234662559616e+01,3.7220312698144795e+02,2.7252858036467444e+02,-1.1661011285527280e+01,3.3699402992487935e+00,3.1097990967228577e+02,2.3827358526975601e+02,-7.5213899260773882e+00,2.9913556256096281e+00,3.2342278646108593e+02,2.7772422810361940e+02,-2.8495972249248371e+00,3.7575540252392128e+00,2.6494294218462954e+02,1.9668231841358639e+02,-1.0099780416097126e+00
-4.6892514708657458e+01,-8.2459008793388548e+00,3.1954851903679020e+02,2.2788666163178738e+02,-1.2663734587514886e+01,-1.1498244691348158e+00,2.7720254542558001e+02,1.9282010387123950e+02,1.0079907339445209e+00,-1.6085971221731874e+01,3.1406126022697475e+02,2.8891486476445846e+02,1.0055773889695004e+01,-2.0945806067771308e+01,3.8346870457367663e+02,3.0906394989758684e+02,-1.1875502562120676e+01,4.9728625873716226e+00,3.5829539509630501e+02,2.6475506802529372e+02,-8.1208452732710388e+00,2.2392970836586743e+00,3.6519549079660158e+02,2.9489415662371272e+02,-6.8959051625056569e+00,2.6291458049497303e+00,3.0323806371181627e+02,2.4804463926796817e+02,-2.0623115894152608e+00
-5.0697486893007429e+01,-8.3710639703689989e+00,3.5340322889867281e+02,2.5273368931875285e+02,-1.3840933815632336e+01,-1.8697997269579658e+00,3.0562502144590638e+02,2.1324131680747365e+02,1.1306638874280832e+00,-1.7547522429411480e+01,3.4669223837185490e+02,3.2066368051092587e+02,1.2001136371097452e+01,-2.3064078428724450e+01,4.2653020958214643e+02,3.4061005358330203e+02,-1.3301819757844033e+01,5.4938871579791497e+00,3.9428289995971909e+02,2.9131617959575595e+02,-9.1271961642828074e+00,2.6433632273214749e+00,4.0351718973107540e+02,3.2726072944159057e+02,-7.3614310539804784e+00,3.2137504261964525e+00,3.3442799123068806e+02,2.7079334354496291e+02,-2.3551393730440409e+00
-4.9304441093759635e+01,-8.9705907529811295e+00,3.2118100876805602e+02,2.2949405852024341e+02,-1.3118642922530126e+01,-2.4267597122244444e+00,2.7773196174439579e+02,1.9570259539478448e+02,6.2191170676264862e-01,-1.6383539080900530e+01,3.1541438021725691e+02,2.8962648445427442e+02,1.0140972703727813e+01,-2.0748813262762848e+01,3.8503454877782389e+02,3.1280776410151503e+02,-1.1549470848043335e+01,4.5140625418103903e+00,3.6314354424365280e+02,2.7229351437992335e+02,-7.5491991154935034e+00,1.9003811916285374e+00,3.6534212756982060e+02,2.9578603251350910e+02,-6.6453165608979665e+00,1.8248564082545335e+00,3.0469334794192849e+02,2.5319321442094451e+02,-1.3380873016936776e+00
-3.2158392481799865e+01,-1.2957386885207482e+00,2.5586100278378476e+02,1.9024457385456790e+02,-9.5913416875560724e+00,-9.8323614064317031e+00,2.1075052433760109e+02,1.5920076995486315e+02,-4.8969376892277164e-02,-1.1144021051885160e+01,2.4476026280187722e+02,2.4011966867663693e+02,1.6441409833053800e+01,-1.5038151971167981e+01,3.2900252767292790e+02,2.4173085576481799e+02,-1.0101012895153161e+01,2.6818073031744802e+00,2.7603604030105129e+02,2.1384900201365659e+02,-6.3032413362932171e+00,2.4661620602932266e+00,2.8450793454979703e+02,2.4514384880641470e+02,-2.2857540881119744e+00,2.8903479410298947e+00,2.3372151528051461e+02,1.7527737286161440e+02,-4.6347129889985655e-01
-4.7045550475466463e+01,-8.1136962192242166e+00,3.1796089560246673e+02,2.2735519549779656e+02,-1.2694820536040201e+01,-2.0794763983828259e+00,2.7487947323779679e+02,1.9275895639432855e+02,8.2605087076391459e-01,-1.5973651720353372e+01,3.1202513053408654e+02,2.8774887525678491e+02,1.0510162674448742e+01,-2.0641456510191460e+01,3.8272780356631841e+02,3.0789160554500228e+02,-1.1726215785949933e+01,4.7150357889318855e+00,3.5685362781424629e+02,2.6555063102217611e+02,-7.8704034662949054e+00,2.1543986039005936e+00,3.6236011866139739e+02,2.9376081416098265e+02,-6.5788687346626649e+00,2.3976775958145673e+00,3.0116711795871197e+02,2.4669605318301345e+02,-1.7444695501442964e+00
-4.4565139945374561e+01,-9.5946165907797720e+00,2.5292404703547274e+02,1.8010668223555552e+02,-1.1277114636031571e+01,-2.8407783869032484e+00,2.1906380620954056e+02,1.5720927842097686e+02,-1.7619099019584686e-01,-1.3712583828669445e+01,2.4919429788708118e+02,2.2466931532113830e+02,6.3697844263710870e+00,-1.6036762836333452e+01,2.9794525467647867e+02,2.5212289781274865e+02,-8.1472534199396609e+00,2.7789328882957953e+00,2.9461787492095362e+02,2.2730507180045561e+02,-4.6712545209751974e+00,6.1038112435858971e-01,2.8560738035120244e+02,2.2979298825494573e+02,-5.2719096669750600e+00,-4.7299195775437447e-01,2.4156656260850090e+02,2.1239647747060619e+02,2.8148033357227337e-01
-6.0689867141728314e+01,-1.3742208305905551e+01,3.3466840169687447e+02,2.3742557155212273e+02,-1.5172353916191810e+01,-3.0775979708911709e+00,2.9103792221297766e+02,2.0819044791812055e+02,-2.8752133023200732e-01,-1.8483316747526832e+01,3.3056001402528040e+02,2.9571167583710167e+02,7.2693209647035042e+00,-2.1326996822414777e+01,3.9099164970155488e+02,3.3537495301671390e+02,-1.0525335642646969e+01,3.6434159423185117e+00,3.9269969443315784e+02,3.0326333612035569e+02,-5.9358495563275770e+00,5.5743932465952284e-01,3.7825547524564183e+02,3.0252485301461081e+02,-7.3013847347194920e+00,-1.0998569467109502e+00,3.2086919940398104e+02,2.8603600200192813e+02,5.3337018226349697e-01
-4.9970328604644678e+01,-7.5472430046247494e+00,3.4562955261352903e+02,2.4912421205263374e+02,-1.3694569911204635e+01,-4.5983015258723885e+00,2.9591905727335427e+02,2.1089534699007228e+02,6.5098541379350594e-01,-1.6946745863646484e+01,3.3747636108801885e+02,3.1492593015369960e+02,1.3529049963890941e+01,-2.1978288610300805e+01,4.2150054432909923e+02,3.3342742820777755e+02,-1.2862850596321243e+01,4.7594745419174131e+00,3.8543995321956845e+02,2.8963888771426980e+02,-8.4544476630836929e+00,2.4813663152618117e+00,3.9177006102871286e+02,3.2153272765493006e+02,-6.3170981178358430e+00,2.7350300113326411e+00,3.2509227346749736e+02,2.6264199659607971e+02,-1.5376720549907874e+00
-5.9681912883667721e+01,-1.3343132364216139e+01,3.3320413648636963e+02,2.3649488008915759e+02,-1.4984878367387703e+01,-2.9825498015195211e+00,2.8967562402386932e+02,2.0690941305053943e+02,-2.0597103433068567e-01,-1.8293694173020981e+01,3.2898524648528507e+02,2.9488060523929863e+02,7.4737600052300923e+00,-2.1264847005039535e+01,3.9002903694779371e+02,3.3315704294084952e+02,-1.0600715167335693e+01,3.7198178103078123e+00,3.8985181505609967e+02,3.0032552548163608e+02,-6.0691251322823545e+00,6.6900966746136104e-01,3.7683221249319666e+02,3.0163058674769093e+02,-7.2517607841283498e+00,-8.5193454548906800e-01,3.1922505487187078e+02,2.8305728162979159e+02,3.6795995909041573e-01
-3.9890523619635019e+01,-5.0431431574157424e+00,3.0965455176113898e+02,2.2265475342302378e+02,-1.1414387021632820e+01,-1.8850176695655247e+00,2.6642095508474557e+02,1.8517199843154754e+02,1.3679967304431757e+00,-1.4637383318999808e+01,3.0253780841319264e+02,2.8421736778079480e+02,1.2480263999785169e+01,-2.0245600415470609e+01,3.7958969761941836e+02,2.9384188174207378e+02,-1.2373608770034139e+01,5.2230017353575748e+00,3.3837134120868029e+02,2.4648355798772798e+02,-8.8630542784450785e+00,2.9998477004563124e+00,3.5422802121747094e+02,2.8983151481753094e+02,-6.0987919472131100e+00,4.2228990318219894e+00,2.9098727599680950e+02,2.2588406416134521e+02,-2.8730613313999154e+00
-6.6618766093613047e+01,-1.2074938181988495e+01,2.8329434192250210e+02,2.1476837717293313e+02,-1.6086339134859610e+01,-2.6040469689426526e+01,2.2401187830634785e+02,2.0099767850049096e+02,-5.1864389349045688e+00,-1.5711724082833998e+01,2.6923308142254848e+02,2.5324443038258303e+02,1.6585937163097896e+01,-1.2927406685299140e+01,3.5346105472842976e+02,2.9864541759685903e+02,-5.7545151708009170e+00,-3.3229348999278714e+00,3.4954722434661636e+02,3.2082050268848718e+02,1.3474555333223364e+00,-2.2224839944269168e+00,2.9348871687614030e+02,2.6079378748047930e+02,5.7130048178018766e-01,-8.1651812662655399e+00,2.5975010137427711e+02,2.5287864965990718e+02,9.2297069703596915e+00
-5.9156413548900318e+01,-1.2551805093240874e+01,3.3955954105798492e+02,2.4195094978112144e+02,-1.5032528938124093e+01,-3.8120863207162117e+00,2.9393992825598434e+02,2.1078011065308317e+02,-1.7460774575976196e-01,-1.8303719310561704e+01,3.3439167929608067e+02,3.0208787279132656e+02,8.8168700201974470e+00,-2.1543306998449179e+01,4.0080687707647104e+02,3.3780052249433999e+02,-1.1045999354310208e+01,3.7996476027739101e+00,3.9448942172675692e+02,3.0380602572923971e+02,-6.4055637207255067e+00,9.2176804795147238e-01,3.8357549385464262e+02,3.0893992518209035e+02,-7.0380433724652871e+00,-4.2179236166805500e-01,3.2403783915071125e+02,2.8349995811114661e+02,2.4791499807167558e-01
-4.7704613979205710e+01,-8.5007295760941126e+00,3.2013491472920998e+02,2.2842455260647210e+02,-1.2816047531541704e+01,-1.5381211412204823e+00,2.7745778273348714e+02,1.9377762959168436e+02,8.8493190072429162e-01,-1.6191325057360114e+01,3.1457705530633234e+02,2.8916751391745771e+02,1.0058401558998165e+01,-2.0890603574426361e+01,3.8397379279373905e+02,3.1035582479941496e+02,-1.1769226325150035e+01,4.8281645512181175e+00,3.5997224628458997e+02,2.6725327617163578e+02,-7.9363327643570196e+00,2.1269374205395004e+00,3.6533006423638756e+02,2.9520586774258106e+02,-6.8256636039111234e+00,2.3646516074940820e+00,3.0379296904040672e+02,2.4984093113169979e+02,-1.8301627382712660e+00
-3.1792156976980039e+01,-1.1394222462789152e+00,2.5195951910532915e+02,1.8780017570422504e+02,-9.4877613219662837e+00,-1.0341169964540445e+01,2.0683506365051775e+02,1.5734397135393183e+02,-1.5930951911622765e-01,-1.0928018792095436e+01,2.4065755771711054e+02,2.3674931484700852e+02,1.6604303226424790e+01,-1.4670646171182355e+01,3.2498280037361934e+02,2.3815078003745347e+02,-9.9070721131724184e+00,2.4917463743920982e+00,2.7183590294612458e+02,2.1177740053879060e+02,-6.0885378853122285e+00,2.3990232579208812e+00,2.7948034603732100e+02,2.4173497233535764e+02,-2.0429282755042730e+00,2.7391610614848303e+00,2.2969983665703955e+02,1.7216070363745791e+02,-2.6817533397459647e-01
-6.9561293686793391e+01,-1.2465271920055304e+01,3.0241124164292296e+02,2.2878843020467519e+02,-1.6885541934255869e+01,-2.6677226993762773e+01,2.3999760431376481e+02,2.1303763347697603e+02,-5.2246773049360344e+00,-1.6639087642999694e+01,2.8770950231981499e+02,2.7075897023868248e+02,1.7532201550156937e+01,-1.4060745668351405e+01,3.7722546192683376e+02,3.1725702879141681e+02,-6.4257139649524389e+00,-3.1571138149743065e+00,3.7103672438236362e+02,3.3774553217753601e+02,9.6987541861409343e-01,-2.1185621038622022e+00,3.1473605403029489e+02,2.7870006656942820e+02,3.3626766299293881e-01,-8.1097854871649684e+00,2.7750884599245876e+02,2.6740901847151804e+02,9.2744222108753434e+00
-3.3722270679226789e+01,-4.9744686473611539e+00,2.4804116063240861e+02,1.7778215674559203e+02,-9.4169783531999354e+00,-1.2797648730670368e+00,2.1409353941611650e+02,1.4887449383338915e+02,9.6876531795039600e-01,-1.2026329565563410e+01,2.4290456420100625e+02,2.2632024258571849e+02,9.1359086573118145e+00,-1.6230517086480713e+01,3.0154002430131806e+02,2.3717600242293688e+02,-9.6351526978445001e+00,4.0517464029004140e+00,2.7385417933691014e+02,2.0067252962656116e+02,-6.7806234179598004e+00,2.1381984670656200e+00,2.8362170880304114e+02,2.3087547161575827e+02,-5.0662303390364043e+00,2.8471401404561290e+00,2.3398837737386864e+02,1.8553657674598270e+02,-2.0187729740427338e+00
-3.6869811767659854e+01,-6.5161196516850195e+00,2.5542347815653056e+02,1.8174233641283527e+02,-9.9987852727861064e+00,-1.6858829850962168e-01,2.2226087790431924e+02,1.5328180356900955e+02,9.7539336705895652e-01,-1.2836250179050509e+01,2.5134646804837749e+02,2.3092880912838692e+02,7.7529303765062698e+00,-1.6909080550421148e+01,3.0594545247204888e+02,2.4644427524963496e+02,-9.6133677681591738e+00,4.1927573385033003e+00,2.8565321806869838e+02,2.0932215611749805e+02,-6.7199967016073074e+00,1.8950921382919261e+00,2.9279043335253732e+02,2.3564623979448814e+02,-5.7208692593017307e+00,2.3725349944561298e+00,2.4271521560123969e+02,1.9761935478254534e+02,-1.9534857180196206e+00
-3.7137587082097703e+01,-2.4164066759459497e+00,2.9689492505580381e+02,2.1833911279670068e+02,-1.0985098048519664e+01,-8.0703999831752427e+00,2.4821619448733895e+02,1.8202550131046300e+02,4.6495975764543829e-01,-1.3235765815669950e+01,2.8599988247593791e+02,2.7684425186780328e+02,1.6803577842243136e+01,-1.8141655156665166e+01,3.7617243193267069e+02,2.8041902251321778e+02,-1.1851040145648430e+01,3.8221516611623363e+00,3.2095998591538131e+02,2.4302516404899652e+02,-7.8255432224949226e+00,2.9429258025000786e+00,3.3353903109357987e+02,2.8249891781468193e+02,-3.7333854948621967e+00,3.7542466313880549e+00,2.7370928773392581e+02,2.0674321899639634e+02,-1.4051618690082597e+00
-3.4842265796673018e+01,-1.3357680048908398e+00,2.9265629425225029e+02,2.1606919076006716e+02,-1.0568254891528122e+01,-8.5633792223089689e+00,2.4356988528892182e+02,1.7917955613221110e+02,5.2777846412231511e-01,-1.2708339988948911e+01,2.8112392822995173e+02,2.7445025595854628e+02,1.7688776560654439e+01,-1.7791376378207257e+01,3.7397592069016304e+02,2.7460684292785152e+02,-1.1946165096082858e+01,3.8208446437976646e+00,3.1346816486859871e+02,2.3686941848204722e+02,-7.9780808687372771e+00,3.1589503058657851e+00,3.2851920702940913e+02,2.7998523700846539e+02,-3.3757714897737814e+00,4.1960016711293964e+00,2.6861125632772553e+02,1.9877393176233392e+02,-1.5726670211493523e+00
-8.4955439732118734e+01,-1.6320256844263717e+01,5.7495815406633494e+02,4.0695706891245595e+02,-2.2739340865105049e+01,1.9320421916700770e+00,5.0335172387020992e+02,3.4402175576601542e+02,2.3660529793420562e+00,-2.9433440793525598e+01,5.6765574640423085e+02,5.1715463221351388e+02,1.5052720736395514e+01,-3.8500963330389439e+01,6.8231084334336663e+02,5.5680553393883122e+02,-2.1395693621557157e+01,9.7177834089317621e+00,6.4669477106847705e+02,4.7183664401011163e+02,-1.5066227348465567e+01,4.0056552257203455e+00,6.6100738884674092e+02,5.2773443571952782e+02,-1.3750661874737311e+01,4.9586398430168890e+00,5.4893730665999658e+02,4.5227497726599643e+02,-4.5969904692726802e+00
-1.1844187836414307e+02,-2.5117234155182249e+01,5.3210143063431894e+02,3.9088141008436980e+02,-2.8486771907643355e+01,-2.9848958023103322e+01,4.4031429881900391e+02,3.5973604612636393e+02,-6.2438519093850324e+00,-3.0356930341057556e+01,5.1566963041422798e+02,4.6935874778183199e+02,2.0407654638063256e+01,-2.8339869810771830e+01,6.3874999501207060e+02,5.5473110148060516e+02,-1.2459228978135908e+01,-1.6105482704449996e+00,6.5147935946848315e+02,5.6194339213575040e+02,-1.5158706399840391e+00,-2.8502205168235153e+00,5.7181771144181459e+02,4.8231427230459821e+02,-4.7602066418940954e+00,-1.1258766677200883e+01,4.9986257888732661e+02,4.8023589665094266e+02,1.1294301793150753e+01
-3.8965341389149728e+01,-4.4342079170665825e+00,3.0630977448612953e+02,2.2112927165961622e+02,-1.1248629974029949e+01,-2.9080018365085909e+00,2.6226444620189437e+02,1.8379127915418286e+02,1.2405012934547166e+00,-1.4297533026132660e+01,2.9851740533561338e+02,2.8208241701785528e+02,1.3273716277897462e+01,-1.9821377803050471e+01,3.7789693052579833e+02,2.9013493587646093e+02,-1.2287428677853272e+01,5.0005212419012208e+00,3.3365811136945473e+02,2.4431385421953493e+02,-8.7168642630986586e+00,3.0255331591229644e+00,3.4944911710910128e+02,2.8766900469388167e+02,-5.6622416310276797e+00,4.2260506595526230e+00,2.8683687668378752e+02,2.2104735335660624e+02,-2.6767169624488161e+00
-5.1065344774171116e+01,-7.9155188537479688e+00,3.4701083374443994e+02,2.5016294865444388e+02,-1.3903527871875985e+01,-4.9508922867575436e+00,2.9694690631470792e+02,2.1237057904906246e+02,5.2105659346219901e-01,-1.7122131459411275e+01,3.3883670071283933e+02,3.1576116217007723e+02,1.3463861962903044e+01,-2.1979927533994761e+01,4.2269311564565174e+02,3.3565792211883581e+02,-1.2760647700558799e+01,4.6182480835822961e+00,3.8827693156502465e+02,2.9307541504465325e+02,-8.2625740688296645e+00,2.3499663373123312e+00,3.9281849233224472e+02,3.2244650835637128e+02,-6.2865536065919700e+00,2.4284856158312791e+00,3.2649917171696654e+02,2.6550669355423827e+02,-1.2883129012668708e+00
-4.8432575625906289e+01,-8.8994429673271753e+00,3.2086577818279471e+02,2.2861843305270315e+02,-1.2935056297138070e+01,-1.2868960782534644e+00,2.7852395970319640e+02,1.9427405070852913e+02,8.6886556403893744e-01,-1.6351120877043442e+01,3.1559847512839042e+02,2.8925746810219107e+02,9.6576767362143094e+00,-2.0978850860669844e+01,3.8366518785401684e+02,3.1169997673111010e+02,-1.1704655672629295e+01,4.8290974203780266e+00,3.6182605630902248e+02,2.6874640765129021e+02,-7.8676788076301669e+00,2.0419679946014435e+00,3.6629639026422166e+02,2.9532118188708409e+02,-6.9615211884711261e+00,2.2005924350114201e+00,3.0493600036072246e+02,2.5221815549760109e+02,-1.7788976174858078e+00
-4.9351616294933173e+01,-6.8070415052864286e+00,3.3399288825448866e+02,2.4296855943927042e+02,-1.3519773664754346e+01,-7.8044739237023348e+00,2.8247921928525932e+02,2.0688432104890484e+02,2.2900473814626898e-02,-1.6208860145186240e+01,3.2432710181714407e+02,3.0551298040811582e+02,1.5013649459086473e+01,-2.0524902480379499e+01,4.1188067941033063e+02,3.2317863992902733e+02,-1.2157173910515514e+01,3.7944294077076810e+00,3.7317683667660157e+02,2.8682152754424658e+02,-7.4791743673010878e+00,2.1818179936498971e+00,3.7497647092966963e+02,3.1210864311431362e+02,-5.0690174868178541e+00,1.9603846094338866e+00,3.1198711921070247e+02,2.5258913360196212e+02,-4.4279604164280650e-01
-3.8975712979690748e+01,-1.9160203261951188e+00,2.8540844567012107e+02,2.1408682195580769e+02,-1.1315012094208054e+01,-1.4468061719911402e+01,2.3195035497820936e+02,1.8162510371066091e+02,-8.6855133802371842e-01,-1.2570909307520123e+01,2.7164327367298404e+02,2.6771928180169027e+02,1.9571444265998004e+01,-1.5993257308271414e+01,3.6936459135112602e+02,2.7268839391995249e+02,-1.0663825856269851e+01,1.9505833749372119e+00,3.1175495126778657e+02,2.4978423472623811e+02,-5.9150787701994041e+00,2.2230765738689433e+00,3.1320910805558350e+02,2.7362242379089963e+02,-1.5906599301005615e+00,1.8823392376186037e+00,2.5927797592787965e+02,1.9915087059424596e+02,9.5300014410877198e-01
-6.7168672021643687e+01,-1.4278349917505517e+01,3.5760003095785117e+02,2.5695408086813501e+02,-1.6760432180601249e+01,-8.4337165196786170e+00,3.0582475287134690e+02,2.2747022614236639e+02,-1.2985082801696550e+00,-1.9602584653626188e+01,3.5064026117995991e+02,3.1732097360399661e+02,1.0463870163457246e+01,-2.1682809297985848e+01,4.2395105738861378e+02,3.6055256042444864e+02,-1.0718343909272425e+01,2.5907131243292332e+00,4.2177461651126072e+02,3.3605143750840142e+02,-5.1477344631912514e+00,1.5993605107620665e-01,3.9851799330539910e+02,3.2495175500589681e+02,-6.2579578353299050e+00,-2.4388794503633342e+00,3.3983132170918793e+02,3.0547876836554167e+02,2.2997927348548828e+00
-3.9618507431765259e+01,-8.4301526093617341e+00,1.8047612163559262e+02,1.3225557457444538e+02,-9.5526164971883922e+00,-9.5157023512813446e+00,1.4988596967314308e+02,1.2130575146414800e+02,-1.9749536327350889e+00,-1.0269702913110445e+01,1.7513959351446340e+02,1.5922800300002112e+02,6.7136067448633696e+00,-9.7483267483960763e+00,2.1625486494880235e+02,1.8760792760312339e+02,-4.3331560318914493e+00,-3.6384566934382756e-01,2.2027570490479849e+02,1.8861467840319980e+02,-7.1105565850395347e-01,-8.7274168052990975e-01,1.9467196780715793e+02,1.6356970182810778e+02,-1.7803556399661775e+00,-3.5808374239531831e+00,1.6978473079727732e+02,1.6221717544566573e+02,3.5724345066955214e+00
-3.6335573821023338e+01,-2.9966586590735491e+00,2.8555406564804326e+02,2.0894864250743643e+02,-1.0620666934228852e+01,-6.5243355081456453e+00,2.4025910651932446e+02,1.7434998614950084e+02,5.7816512508187157e-01,-1.2950543826772673e+01,2.7597516506318112e+02,2.6513927583253559e+02,1.5048531574443077e+01,-1.7691935481545197e+01,3.5891107448213489e+02,2.7037040028048375e+02,-1.1337196737964415e+01,3.8701003436831583e+00,3.1000218534972481e+02,2.3321819508303827e+02,-7.5804826741527851e+00,2.7570195025821587e+00,3.2192256540634827e+02,2.7053988461314589e+02,-4.0323326782310422e+00,3.5434532254251927e+00,2.6446137376522188e+02,2.0176339187990985e+02,-1.5418087488031809e+00
-6.8388122232490147e+01,-1.2145024993880634e+01,2.9498687343733178e+02,2.2372810279405863e+02,-1.6588164964598523e+01,-2.6943320967756438e+01,2.3321154700024499e+02,2.0875418074956269e+02,-5.2847684331709956e+00,-1.6223008551441374e+01,2.8021464215774188e+02,2.6427099578064445e+02,1.7537311572350713e+01,-1.3515345997007316e+01,3.6892561608501785e+02,3.0998251756596625e+02,-6.1543031852112859e+00,-3.3248506946012140e+00,3.6250056986252076e+02,3.3184333221864171e+02,1.1836596470989567e+00,-2.1626427627978146e+00,3.0597268836606361e+02,2.7208462478160516e+02,5.9722531245026933e-01,-8.1745876579214123e+00,2.7020323580189364e+02,2.6110826086374254e+02,9.3793135659455764e+00
-1.8727413673423243e+01,-4.3166890859363791e+00,9.6221352460207271e+01,6.8612081720681758e+01,-4.5960407244161967e+00,-1.7530471026428636e+00,8.3021647882411685e+01,6.1068746277033469e+01,-3.3108731656580215e-01,-5.4289516030434424e+00,9.4819176113091189e+01,8.4639700700592982e+01,2.1943857703300114e+00,-5.9281018788373858e+00,1.1239278668011821e+02,9.7694769059375190e+01,-2.7949576056902710e+00,7.3767187838990911e-01,1.1464829881393317e+02,9.1003533363132462e+01,-1.3286931522805638e+00,-4.7846420342525807e-02,1.0762034928228060e+02,8.6692729587800812e+01,-1.8917332609676503e+00,-8.0979629499495898e-01,9.2105844183420160e+01,8.4386320143672904e+01,6.1572097333837539e-01
-6.5924764224564626e+01,-1.3972690210681877e+01,3.5901129236594983e+02,2.5738490781661295e+02,-1.6542511139133492e+01,-7.2097733654762433e+00,3.0806350275876861e+02,2.2675465492444280e+02,-9.7520655584742733e-01,-1.9567614635245675e+01,3.5242607935190932e+02,3.1889042820574184e+02,1.0218762791433418e+01,-2.2056711383072599e+01,4.2524619428897029e+02,3.6048302111350057e+02,-1.1040637407269600e+01,3.0148746260723960e+00,4.2144733648234035e+02,3.3254699118030112e+02,-5.6473109426284385e+00,4.1001067478425857e-01,4.0166231051062874e+02,3.2642847029753125e+02,-6.6035806939204926e+00,-1.8419252827560313e+00,3.4152660568480701e+02,3.0441338534589761e+02,1.7050860462165858e+00
-6.9413683821081321e+01,-1.2380151986988723e+01,2.9655506578002326e+02,2.2514448906562907e+02,-1.6799607725531676e+01,-2.7598889487059310e+01,2.3404224024796389e+02,2.1054076441439079e+02,-5.4510080490130015e+00,-1.6362439042983350e+01,2.8155176289042629e+02,2.6551436062150049e+02,1.7728643285716132e+01,-1.3468787865756262e+01,3.7098447974698490e+02,3.1228636376587002e+02,-6.0653780027393731e+00,-3.5159926624189834e+00,3.6531242649499393e+02,3.3567077164445487e+02,1.3946156325269721e+00,-2.2829351780764844e+00,3.0694937426298532e+02,2.7342144850852873e+02,7.2836905525941054e-01,-8.4801135725050720e+00,2.7151458160203919e+02,2.6353717301206228e+02,9.6842723984828609e+00
-4.8739003713694700e+01,-7.2429526838836313e+00,3.4290555751908067e+02,2.4694490780976398e+02,-1.3434075662998765e+01,-4.0108261560299807e+00,2.9399670871604241e+02,2.0845343998715475e+02,8.0594932935741004e-01,-1.6736244104954359e+01,3.3495071291442684e+02,3.1270363705621253e+02,1.3366389420845543e+01,-2.1934889691444575e+01,4.1822370007941350e+02,3.2996684256173859e+02,-1.2912418069293617e+01,4.9213251843963279e+00,3.8125587616546557e+02,2.8488408204329812e+02,-8.6329190812488932e+00,2.5978738095417948e+00,3.8940688295275834e+02,3.1919756379664710e+02,-6.3975152974209619e+00,3.0350314180051212e+00,3.2261358100565792e+02,2.5914521692349297e+02,-1.8240934456364808e+00
-4.3967213826576717e+01,-9.2866591080016612e+00,2.5358081810520264e+02,1.8069562154306951e+02,-1.1190817368185920e+01,-2.7932937235584232e+00,2.1952099455953791e+02,1.5728028979696259e+02,-1.0303450453112065e-01,-1.3641306134675402e+01,2.4970356963032779e+02,2.2571098974117638e+02,6.6299620535031831e+00,-1.6103502796873379e+01,2.9947900672742759e+02,2.5205540702697289e+02,-8.2844181758678914e+00,2.8700293024434669e+00,2.9429041030938708e+02,2.2638039190753699e+02,-4.8331011099963268e+00,7.2117481289362340e-01,2.8654799027956278e+02,2.3081706219193032e+02,-5.2609025704983798e+00,-2.4295853892678035e-01,2.4194471123038687e+02,2.1126094847038627e+02,1.3133292030206800e-01
-5.1044874260529177e+01,-8.1191912926933050e+00,3.4733713071046753e+02,2.4984937139914902e+02,-1.3879027177908904e+01,-4.1885233169172924e+00,2.9806173661199608e+02,2.1193700274971164e+02,6.4393519087905537e-01,-1.7203850788412815e+01,3.3960494358980640e+02,3.1566694952019458e+02,1.2964863921915882e+01,-2.2160041295228833e+01,4.2183846000806682e+02,3.3592731696158285e+02,-1.2806939917737902e+01,4.7885527744398182e+00,3.8874961958179011e+02,2.9211932942618466e+02,-8.3933059413107660e+00,2.3750220282297754e+00,3.9397514799648388e+02,3.2231723119412595e+02,-6.5391674938405329e+00,2.5314493851300082e+00,3.2737028390342994e+02,2.6645971078003436e+02,-1.4940761665553954e+00
-1.1242151561745899e+02,-1.5725573286667101e+01,8.5314299301856681e+02,6.1140504599316182e+02,-3.1779761273651221e+01,-3.1943098793340980e+00,7.3685818449584735e+02,5.0963540197239206e+02,3.8413160177226624e+00,-4.0923547084748286e+01,8.3535379696710481e+02,7.8019090303653900e+02,3.1985410846129213e+01,-5.6143051382603282e+01,1.0393291348137880e+03,8.1219070083717327e+02,-3.3748529026474031e+01,1.4548786593488581e+01,9.3672713248056459e+02,6.8131478012040213e+02,-2.4203461908885998e+01,7.9153783567399856e+00,9.7745869888255891e+02,7.9565721526482037e+02,-1.7607118867676224e+01,1.1044853036921644e+01,8.0428332568977498e+02,6.3078488066270916e+02,-7.9306010722519575e+00
-6.7663539190359032e+01,-1.4114049414768967e+01,3.5674321227858638e+02,2.5729784515155535e+02,-1.6877086627785364e+01,-9.9194424076427818e+00,3.0357749640360788e+02,2.2838325962948070e+02,-1.5833977489144988e+00,-1.9508857835579803e+01,3.4904236436157618e+02,3.1697090586232702e+02,1.1237226875189737e+01,-2.1307737458641043e+01,4.2476862905515191e+02,3.6030821436718185e+02,-1.0541803933797800e+01,2.2056960546236044e+00,4.2136208074366135e+02,3.3871397958015325e+02,-4.7903237885649563e+00,3.5568886752553583e-02,3.9591248471609214e+02,3.2468514717103722e+02,-5.7897472037394708e+00,-2.7955195054446116e+00,3.3812248255533336e+02,3.0464386479244519e+02,2.7961088702172727e+00
-4.8783604615318595e+01,-7.0388613806621150e+00,3.4065686786438346e+02,2.4606552078146055e+02,-1.3442857835746871e+01,-5.1024713093287524e+00,2.9091479069162040e+02,2.0811835316351366e+02,5.9808526919707405e-01,-1.6572475293882864e+01,3.3216225341071794e+02,3.1104168029846335e+02,1.3919943522408651e+01,-2.1553543816041664e+01,4.1698911563798214e+02,3.2813855267987003e+02,-1.2735397024108693e+01,4.6202974603982865e+00,3.7900930965196898e+02,2.8534332768176085e+02,-8.3445166664344441e+00,2.5074088160854231e+00,3.8565255258110875e+02,3.1756371653269872e+02,-6.0117856157307719e+00,2.7848005401619389e+00,3.1978376391850520e+02,2.5706877375869522e+02,-1.4631678052514066e+00
-1.0755462125175745e+02,-2.3029780697540534e+01,5.6920267603880018e+02,4.0888320641339453e+02,-2.6781322767272460e+01,-1.3460481173320831e+01,4.8690495840285797e+02,3.6236349146890223e+02,-2.1309573930777121e+00,-3.1299199280202991e+01,5.5825609909613627e+02,5.0467077623805653e+02,1.6427995965940511e+01,-3.4493328119697935e+01,6.7411120625803790e+02,5.7455058720330931e+02,-1.6957027494794605e+01,4.0511457521360503e+00,6.7233500799798844e+02,5.3624377160023005e+02,-8.0613320171253182e+00,1.5681072742205812e-01,6.3416756528141252e+02,5.1684399357324992e+02,-9.9873645571077940e+00,-4.0881760844700903e+00,5.4115317661405243e+02,4.8776790632130337e+02,3.7927785661564410e+00
-9.8697911137842837e+01,-1.9065167086579088e+01,4.0827256111786045e+02,3.0805477297179181e+02,-2.3571155432002229e+01,-3.6370733950686159e+01,3.2477383726309239e+02,2.8986438131088363e+02,-7.5453486142881792e+00,-2.3181857040467253e+01,3.8935652711128722e+02,3.6245929857599845e+02,2.2026376970958779e+01,-1.8817176382424535e+01,5.0415594477540748e+02,4.3315901081680698e+02,-7.8974531553644480e+00,-4.8221450295258705e+00,5.0825151964247334e+02,4.6611737853389877e+02,2.3116272593772416e+00,-3.5923900133204096e+00,4.2359045399381074e+02,3.7338684965149628e+02,2.8410204352126150e-01,-1.2498320003229461e+01,3.7633374243821743e+02,3.7234676758813293e+02,1.3529644204681029e+01
-2.5000547774531885e+01,-3.9204075733840074e+00,1.8276120789454302e+02,1.3051610598945740e+02,-6.9421311792746838e+00,-3.4182312499318318e-01,1.5845294650574004e+02,1.0928238920571383e+02,7.9077461197541865e-01,-8.9452389392754785e+00,1.7937850951823256e+02,1.6630826539386797e+02,6.2486432680758988e+00,-1.2079898766247357e+01,2.2095063069779417e+02,1.7492933646645199e+02,-7.0930581820592016e+00,3.0944314572893736e+00,2.0218642180509190e+02,1.4731068027835818e+02,-5.0512868013437711e+00,1.5619427034601323e+00,2.0955293378366508e+02,1.6964039728971269e+02,-3.9386045278916879e+00,2.1112752630051905e+00,1.7293352461758792e+02,1.3776546774519096e+02,-1.6079778120399317e+00
-6.6959096859383365e+01,-1.2228093526631422e+01,2.8278762562203201e+02,2.1440334983960042e+02,-1.6136576233305373e+01,-2.6161316443972968e+01,2.2353632332792768e+02,2.0095948904074203e+02,-5.2445582023933843e+00,-1.5739281957385430e+01,2.6875998176689700e+02,2.5257185446698020e+02,1.6492187257507009e+01,-1.2860892229217045e+01,3.5256924103177636e+02,2.9857222371664670e+02,-5.6655128231656153e+00,-3.3983828741647972e+00,3.4958858188235587e+02,3.2141044131866073e+02,1.4602737547310649e+00,-2.2909680344946688e+00,2.9270244152028192e+02,2.6013426347429578e+02,5.9757061834494751e-01,-8.3130871133732178e+00,2.5934393173753534e+02,2.5336251475215644e+02,9.3433040568980008e+00
-4.8171628845701292e+01,-7.1814222848347562e+00,3.4496208307044719e+02,2.4784490982476461e+02,-1.3341056983567205e+01,-2.9805416718676723e+00,2.9672336523711289e+02,2.0851781534252740e+02,1.0490732564829002e+00,-1.6806297585178093e+01,3.3739399420209179e+02,3.1456660453012915e+02,1.3045922229059590e+01,-2.2300402434250945e+01,4.1992850242377017e+02,3.3110575353719975e+02,-1.3159651699550924e+01,5.2567484315473205e+00,3.8250194170361442e+02,2.8335845039756987e+02,-9.0059288824628698e+00,2.7610517931142939e+00,3.9297857214695796e+02,3.2101245069636826e+02,-6.7292620063763753e+00,3.4336399336228105e+00,3.2501114263988978e+02,2.5978965480230158e+02,-2.2633711518664361e+00
-1.9023516880351959e+01,-3.5141275692455629e+00,7.9765260224995032e+01,6.0449874044323124e+01,-4.5735662634591039e+00,-7.3854157636478597e+00,6.3078563801522513e+01,5.6745267128203942e+01,-1.4927452244888511e+00,-4.4604224066380382e+00,7.5837515980390123e+01,7.1152221542097365e+01,4.6022576162745921e+00,-3.6237366365663126e+00,9.9295450824852097e+01,8.4355866792026262e+01,-1.5759984372732878e+00,-9.7371991781986611e-01,9.8817854206954379e+01,9.0943115515593632e+01,4.3991713803101801e-01,-6.6702868799076243e-01,8.2528226295287652e+01,7.3291026210827994e+01,1.6241140580654545e-01,-2.3886452827200806e+00,7.3203559735020079e+01,7.1793043897881304e+01,2.6632233303208439e+00
-5.8711275505821661e+01,-1.1069503866510287e+01,2.4492045011107908e+02,1.8521821149878184e+02,-1.4075458070233598e+01,-2.2233557252238263e+01,1.9424878529161242e+02,1.7401064452207459e+02,-4.5437464326284003e+00,-1.3787083631965892e+01,2.3320148725294828e+02,2.1801535488407839e+02,1.3701486319846852e+01,-1.1212379497468373e+01,3.0375802171263240e+02,2.5933296555330639e+02,-4.8046604567825488e+00,-2.9282966796522478e+00,3.0400997244359939e+02,2.7921231542875364e+02,1.3470571928101238e+00,-2.0863473462339797e+00,2.5379115930275609e+02,2.2457204182715211e+02,3.3580431218467244e-01,-7.3832908204533840e+00,2.2523720646496409e+02,2.2167898996139564e+02,8.1243450783395676e+00
-3.7357181401251594e+01,-2.8046497513656390e+00,3.0288533176566972e+02,2.2139377461299480e+02,-1.1052871760005056e+01,-6.2342495526047372e+00,2.5531719223433157e+02,1.8390313535274461e+02,8.2544798909847272e-01,-1.3618540902422223e+01,2.9285803908119851e+02,2.8165173532503741e+02,1.5948035145461152e+01,-1.8930023417970840e+01,3.8092024810618926e+02,2.8560026929692577e+02,-1.2235805525115865e+01,4.3674799800312938e+00,3.2717111592527090e+02,2.4401163598376414e+02,-8.3737344035832741e+00,3.1151558991164885e+00,3.4239128767388098e+02,2.8729887800369113e+02,-4.4306756329810373e+00,4.2034218638055654e+00,2.8055856406637520e+02,2.1188672272407948e+02,-2.0341282536785608e+00
-3.5734753350239274e+01,-1.3770355116182511e+00,2.9232464090713444e+02,2.1662862959136493e+02,-1.0752705463968782e+01,-9.9337581737162299e+00,2.4198598355907160e+02,1.8044903112779383e+02,2.3295921330999655e-01,-1.2703192415312527e+01,2.8019028969889172e+02,2.7428812388594628e+02,1.8269571352589754e+01,-1.7468703602383755e+01,3.7483550577735502e+02,2.7519911685196257e+02,-1.1741347274948787e+01,3.4357346461137706e+00,3.1417476611484869e+02,2.4044522223909922e+02,-7.5869931710266538e+00,2.9915124312014827e+00,3.2656758715978009e+02,2.7992312420592253e+02,-2.9763774364900217e+00,3.7544234499918194e+00,2.6762219855062511e+02,1.9926562516960706e+02,-1.0473705139388441e+00
-6.9103100395690674e+01,-1.2287419522491088e+01,2.9752158420563325e+02,2.2568134503762963e+02,-1.6753804462561881e+01,-2.7255939139433536e+01,2.3515613839465581e+02,2.1066435616079349e+02,-5.3541107451106651e+00,-1.6374376071567099e+01,2.8260368045548529e+02,2.6650073546956190e+02,1.7694617650705936e+01,-1.3612298274023489e+01,3.7208407578764366e+02,3.1277278698147569e+02,-6.1843157625716110e+00,-3.3831711650935583e+00,3.6579046077927399e+02,3.3506675899208426e+02,1.2307125722857744e+00,-2.2018705751802514e+00,3.0849437466189698e+02,2.7439061235050048e+02,6.2126794460114387e-01,-8.2934433547290851e+00,2.7251439665364421e+02,2.6357190320467208e+02,9.5046237785501013e+00
-4.6219892337752000e+01,-6.2852236649470923e+00,3.4203779203161065e+02,2.4628965129448181e+02,-1.2991398667614012e+01,-3.2219992183977739e+00,2.9353837222556251e+02,2.0632489464646440e+02,1.1410401934482741e+00,-1.6394286088186604e+01,3.3400165620517430e+02,3.1311118508789912e+02,1.3732907991717315e+01,-2.2086190873606942e+01,4.1868283234360143e+02,3.2672541673842551e+02,-1.3287266073702916e+01,5.3137036934885744e+00,3.7678924100438815e+02,2.7822965940700180e+02,-9.1984330219864479e+00,2.9675714906601351e+00,3.8968891817567032e+02,3.1945497028410853e+02,-6.4928018688492104e+00,3.8649665144350966e+00,3.2141972271848681e+02,2.5350111148526435e+02,-2.4743258862972906e+00
-6.6587283228078761e+01,-1.2104645355972643e+01,2.9375092225895338e+02,2.2128731730696390e+02,-1.6190214115563588e+01,-2.4320880662935210e+01,2.3465630745747350e+02,2.0527617757354807e+02,-4.7441217426533715e+00,-1.6166609362983959e+01,2.8020226703098962e+02,2.6276923152182940e+02,1.6299931576286451e+01,-1.4005320591175581e+01,3.6482988059187892e+02,3.0722383546907230e+02,-6.4474379863932496e+00,-2.6368364602920802e+00,3.5933092930188525e+02,3.2382575367751417e+02,5.1985413675265724e-01,-1.8830027618510368e+00,3.0752625006315048e+02,2.7036395457478108e+02,-1.3535850737376445e-01,-7.4030468383502086e+00,2.7038978448110038e+02,2.5915276274347048e+02,8.4227339820146447e+00
-7.0341648397988408e+01,-1.3373393593717571e+01,4.7760542649512581e+02,3.3827775831287721e+02,-1.8860891404329561e+01,1.3665399255332267e+00,4.1780327871958940e+02,2.8586521137794449e+02,1.9503009402363185e+00,-2.4389931886397175e+01,4.7133971433509191e+02,4.2988254936664981e+02,1.2761945756936855e+01,-3.1937210890745856e+01,5.6747017679692328e+02,4.6228692398249780e+02,-1.7802390293833358e+01,8.0462097397206058e+00,5.3677352104155989e+02,3.9182346337426708e+02,-1.2526747158534961e+01,3.3583029248863876e+00,5.4889040155693260e+02,4.3867394619145824e+02,-1.1330759846461023e+01,4.1668762419297334e+00,4.5571293013659874e+02,3.7486299407820997e+02,-3.8031703022192516e+00
